id,lang,name,summary,introduction,open_time,district,address,tel,fax,lat,long,services,category,consume,update_time
1052,zh-tw,和興冰果部,豐昌商店對面的「和興冰果室」，店主人黃漢津經營冰果室已超過70年了，帶給當地街坊鄰居口中甜蜜好滋味的好所在。從前人談事情、相親、談戀愛、聚會請客都會選擇來冰果室。物質缺乏生活貧苦的年代裡，喝不起咖啡、上不起像樣的餐館，花小錢去冰果室坐吃碗冰就很滿足。高椅背加上分隔的屏風通常是為了來店吃冰約會的情侶迴避店外目光，或是過路行人窺探打擾的一種貼新設置。店內大洋綠色系的桌椅裝潢真讓人有時光一下退回50年的感覺。,豐昌商店對面的「和興冰果室」，店主人黃漢津經營冰果室已超過70年了，帶給當地街坊鄰居口中甜蜜好滋味的好所在。從前人談事情、相親、談戀愛、聚會請客都會選擇來冰果室。物質缺乏生活貧苦的年代裡，喝不起咖啡、上不起像樣的餐館，花小錢去冰果室坐吃碗冰就很滿足。高椅背加上分隔的屏風通常是為了來店吃冰約會的情侶迴避店外目光，或是過路行人窺探打擾的一種貼新設置。店內大洋綠色系的桌椅裝潢真讓人有時光一下退回50年的感覺,週二~週日09:00~17:00，週一休息,後壁區,731 臺南市後壁區菁寮里菁寮46號,-6620997,,23.37862,120.33564,,飲料冰品,美食,2022/2/2 12:04
1053,zh-tw,曾家豬頭飯｜ 炎師,創店已有46年的歷史，主要餐點為豬頭飯，堅持採用傳統道地作法，米粒香Q具彈性，又因口味道地，不油不膩，深受好評，讓人回味無窮。,創店已有46年的歷史，主要餐點為豬頭飯，堅持採用傳統道地作法，米粒香Q具彈性，又因口味道地，不油不膩，深受好評，讓人回味無窮,週一~週日07:00–13:00，週二休息,新營區,730 臺南市新營區新進路二段87號,-6332733,,23.30043,120.31084,,地方小吃、中式美食,美食,2021/3/4 12:02
1054,zh-tw,籃記東山鴨頭,配料及烹滷，由老闆獨特方式，以維持其咬勁，口味特殊的風格，持續在每天籃記堅持依循古法製作，絕不偷工減料，所以能一直維持咬勁十足，口味特殊的風格。,"配料及烹滷,由老闆獨特方式,以維持其咬勁,口味特殊的風格,持續在每天籃記堅持依循古法製作，絕不偷工減料，所以能一直維持咬勁十足，口味特殊的風格。",週一~週日13:00-18:00,東山區,733 臺南市東山區中興路11號,-6801976,,23.32416,120.40322,,中式美食、伴手好禮,美食,2022/2/2 12:01
1055,zh-tw,西井村蜂蜜滷味 安平店,何謂豬蹄花：“軟嫩滑Q有彈性、富含膠質”的養生聖品就是它的代名詞，西井村滷味特地嚴選CAS認證彈性最佳的豬前腿肉來做為它的食材，完全不加一滴醬油、不含防腐劑，獨樹一幟的蜂蜜口味，將震撼您的感官觸動您的味覺！,何謂豬蹄花：&ldquo;軟嫩滑Q有彈性、富含膠質&rdquo;的養生聖品就是它的代名詞，西井村滷味特地嚴選CAS認證彈性最佳的豬前腿肉來做為它的食材，完全不加一滴醬油、不含防腐劑，獨樹一幟的蜂蜜口味，將震撼您的感官觸動您的味覺！,週一~週五12:00–19:10 週六~週日10:00–21:30,安平區,708 臺南市安平區安平路418號,-2288739,-2478668,22.99821,120.17429,,中式美食、伴手好禮,美食,2022/2/2 12:03
1056,zh-tw,廣興肉脯店,肉干利用整塊原肉切片，配合熬煮4小時的秘方醬料一起醃製，經過一整晚後透過陽光的曝曬和含有些許蜜香的龍眼木炭文火炭烤下，呈現出南台灣艷陽特有的色澤與滋味。肉酥主要用慢慢的火把豬肉熬到糜爛而不是用粉來假裝酥脆，因為絕頂的肉酥是酥而不是脆。,肉干利用整塊原肉切片，配合熬煮4小時的秘方醬料一起醃製，經過一整晚後透過陽光的曝曬和含有些許蜜香的龍眼木炭文火炭烤下，呈現出南台灣艷陽特有的色澤與滋味。肉酥主要用慢慢的火把豬肉熬到糜爛而不是用粉來假裝酥脆，因為絕頂的肉酥是酥而不是脆。,週一~週日08:00~20:00,中西區,700 臺南市中西區府前路一段90巷62號,-2226567,,22.99025,120.20929,,伴手好禮,美食,2021/3/4 12:00
1057,zh-tw,台南度小月擔仔麵原始店本舖,"精緻肉燥選用優良腿肉，加上道地的台灣蔥爆炒，提高肉燥香味及口感，同時加入特製的調味料，最後經過長時間的燉煮、高溫真空殺菌，百分百保存肉燥的原味，可使消費者品嚐到度小月肉燥的精華之處。 
本店肉燥罐可以用於拌飯、拌麵、調味冷食，炒菜時加入，更可提升風味。",精緻肉燥選用優良腿肉，加上道地的台灣蔥爆炒，提高肉燥香味及口感，同時加入特製的調味料，最後經過長時間的燉煮、高溫真空殺菌，百分百保存肉燥的原味，可使消費者品嚐到度小月肉燥的精華之處。 本店肉燥罐可以用於拌飯、拌麵、調味冷食，炒菜時加入，更可提升風味。,週一~週日11:00–21:30,中西區,700 臺南市中西區中正路16號,-2230864,,22.99229,120.20366,,麵食醬料、中式美食,美食,2022/2/2 12:03
1058,zh-tw,楊哥楊嫂肉粽店,"創業四十年(1970年)的楊哥楊嫂，可說是台南市唯一家將肉粽店進行複合式經營的傳統店家；不只維持了本身菜棕、肉粽的風味，還開發了紫米肉粽、五穀肉粽、綠豆肉粽等新口味，還有特製粽的迷你版的小肉粽，外型小巧可愛、料又實在，一顆十元，常是店裡供不應求的長銷粽品。
楊哥楊嫂肉粽注重口感，負責粽子製程的第二代老闆楊佑忠先生說，他用生瘦肉醃製，這樣的肉質有較佳的彈性外，肉質也不會太硬，而肥肉則是前一日先和香菇炒熟，這樣的肉粽便會有二種不同的口感，香氣四溢。",創業逾四十年(1970年)的楊哥楊嫂，可說是台南市唯一家將肉粽店進行複合式經營的傳統店家;不只維持了本身菜棕、肉粽的風味，還開發了紫米肉粽、五穀肉粽、綠豆肉粽等新口味，還有特製粽的迷你版的小肉粽，外型小巧可愛、料又實在，一顆十元，常是店裡供不應求的長銷粽品。 楊哥楊嫂肉粽注重口感，負責粽子製程的第二代老闆楊佑忠先生說，他用生瘦肉醃製，這樣的肉質有較佳的彈性外，肉質也不會太硬，而肥肉則是前一日先和香菇炒熟，這樣的肉粽便會有二種不同的口感，香氣四溢。,週一~週五07:00–19:30週六~週日07:00–19:00,中西區,700 臺南市中西區慶中街41號,-2140862,,22.98426,120.20543,,地方小吃、中式美食,美食,2021/3/4 12:02
1059,zh-tw,小西腳碗粿,小西腳碗粿由蔡再發於民國四十一年創立，早期只是位於小西門城下的一個小攤，由於用料實在，口碑漸漸傳開來，建立了知名度。店內香Q的碗粿及用大骨和椪豆熬製的豆仔湯是饕客最愛點用的招牌商品。,"舊日小西門城,周邊俗稱『小西腳』。 小西腳碗粿是由蔡再發老先生，於日治、二戰後時期就在小西門城週邊，俗稱小西腳擺攤，販賣碗粿、豆仔湯，由於用量非常實在，口味道地，讓吃過的人，想再吃，口啤相傳，以至當時的生意非常興盛，食客絡譯不絕，建立了小西腳的知名度。 民國八十八年，蔡家兩兄弟－蔡明松及蔡明財將老店新開。新開張的碗粿店在正門口，以大型的碗粿定時會冒煙的設計，表達了醒目的招牌，同時在店內以大紅的紅帳掛飾表達了台灣人追求「圓滿」的涵意。店內的陳設非常的典雅精緻，在現代化的設計感上，傳達了古早飲食文化的傳承。蔡先生表示：「我們兩兄弟接手經營此店後，非常尊重保留父親所留下的獨家風味及烹調的技術。但是我們更希望能給客人有一個非常舒適的飲食場所及空間。除外我們引進了現代化的廚房設備及在製造過程中的流程重新加以改良。我們最重視的是客人的健康及飲食的衛生，因此在每一個碗粿的製作過程中，我們從日本引進蒸爐，注意到蒸食過程中衛生的處理。另外在廚房的四處均安置水管，加強水質的處理，以及碗具使用烘乾機器完全烘乾處理。廚房設備的改善在讓到店裡吃的客人能夠飽嚐美食之外，可以安全無慮。」 蔡先生提到台灣北部的碗粿與南部的碗粿是不相同的。北部的碗粿呈現的是白色，南部的碗粿呈現的是醬油色，中間凹陷。俗話說：「阿婆炊粿．倒塌」一碗粿好吃與否，在於粿身是否夠Ｑ；好吃的碗粿中間內凹不糊爛，主要原因除了米的品質外，蒸煮過程中爐火的溫度及水分的蒸發等，都是決定碗粿品質的因素。小西腳碗粿採用本地良質米，以祖傳燉煮的肉燥及新鮮蝦仁、香菇、蛋黃為餡料，並遵循古法配製，保留碗粿的傳統美味。在這裡我們不旦品嚐了傳統小吃，更重要的是我們看到了，蔡家兄弟在飲食業對上一代料理技術的傳承，以及新一代對現代化設施改善的努力。",週一~週日10:30–19:00,南區,702 臺南市南區夏林路1-29號,-2244120,,22.9858,120.19513,,地方小吃、麵食醬料、中式美食,美食,2021/3/4 12:00
1060,zh-tw,阿輝炒鱔魚,鱔魚意麵是台南特有名產。大火快炒後鱔魚的清脆爽口，加上台南的名產--意麵，以特別製作的精中寬麵條，經油炸處理製成再搭配獨特酸甜配料，烈火轟炒，轉眼間熱騰騰鱔魚意麵挑人食慾。,阿輝炒鱔魚老闆許全輝先生，傳承父親喜宴辦桌的功力，多年來已成為台南當地最知名的小吃店之一，在台南有兩間店，台北有一間店，老店位在延平市場，鱔魚是台灣南部的知名小吃，招牌的【鱔魚意麵】集合了酸、甜、鹹、辣、鮮於一碗的芡汁，醬汁是用洋蔥、胡椒粉、純米醋、糖等熬煮製作，炒的時候配上南部特有的油炸意麵與蒜頭、高麗菜、洋蔥、青蔥大火轟炒，鱔魚吃起來口感脆脆的，與帶甜味的醬汁炒起來很對味。,週一~週日15:00~00:00,北區,704 臺南市北區公園路864號,-2823726,,23.01395,120.21259,,地方小吃,美食,2021/3/4 12:01
1061,zh-tw,再發號肉粽,"創立於清同治期間，至今已有130多年歷史。傳承至今已是第四代，吳立源將粽子改成比一般大許多的肉粽，因而在府城小吃街眾所皆知。而再發號八寶粽一即是干貝、香菇、蝦米、扁魚酥、肉燥、栗子、鹹蛋、瘦肉等八寶。再使用三張竹葉包粽，外兩層為生桂竹葉，內層是煮過的竹葉，一個約十二兩。 
店家更強調肉粽的美味只要淋上肉汁，八寶粽中的豪華內餡，和上選長糯米，粽葉三層的包覆，把美味鮮甜，與肉汁搭配的天衣無縫。",創立於清同治期間，至今已有130多年歷史。傳承至今已是第四代，吳立源將粽子改成比一般大許多的肉粽，因而在府城小吃街眾所皆知。而再發號八寶粽一即是干貝、香菇、蝦米、扁魚酥、肉燥、栗子、鹹蛋、瘦肉等八寶。再使用三張竹葉包粽，外兩層為生桂竹葉，內層是煮過的竹葉，一個約十二兩。 店家更強調肉粽的美味只要淋上肉汁，八寶粽中的豪華內餡，和上選長糯米，粽葉三層的包覆，把美味鮮甜，與肉汁搭配的天衣無縫。,週一~週日10:00~20:30,中西區,700 臺南市中西區民權路二段71號,-2222697,,22.99436,120.20503,,地方小吃,美食,2022/2/2 12:03
1063,zh-tw,明新食品-安南店,"""明新食品初創於民國51年，在成功大學及台南一中學區附近成立明新食品行（現長榮路、東寧路口），係屬一販售民生用品之雜貨店，負責人許俊雄先生（現任董事長）鑒於西點麵包將改變國人飲食習慣，以極具前瞻性的眼光前往台北南港烘焙學校 （現中華穀類研究所）學習烘焙相關知識及技術，將雜貨店逐漸轉型為西點麵包專賣店，伴隨台南市東區之發展於民國78年正式改組成立「明新食品企業股份有限公司」。 
自民國79年於東寧路底及小東路成立第二、三家分店起，迄今共有十家門市，四十年來在南部地區已是頗具知名度之糕餅公司。主力產品為麵包、蛋糕、中西式囍餅及府城名產禮盒等糕餅。 """,明新食品初創於民國51年， 在成功大學及台南一中學區附近成立明新食品行（現長榮路、東寧路口）， 係屬一販售民生用品之雜貨店，負責人許俊雄先生（現任董事長） 鑒於西點麵包將改變國人飲食習慣，以極具前瞻性的眼光前往台北南港烘焙學校 （現中華穀類研究所）學習烘焙相關知識及技術， 將雜貨店逐漸轉型為西點麵包專賣店，伴隨台南市東區之發展於民國78年正式改組成 立「明新食品企業股份有限公司」。 自民國79年於東寧路底及小東路成立第二、三家分店起， 迄今共有十家門市，四十年來在南部地區已是頗具知名度之糕餅公司。 主力產品為麵包、蛋糕、中西式囍餅及府城名產禮盒等糕餅。,週一~週日09:30–21:30,安南區,709 臺南市安南區海佃路一段52號,-2802895,,23.02121,120.19238,,甜點糕餅、飲料冰品,美食,2021/3/4 12:02
1064,zh-tw,大鋤花間,「大鋤花間」堪稱是咖啡公路（175公路）文化咖啡的源頭。郭雅聰，一個曾經與文學為伍的人，20年前，由於心底對記憶鄉土的感受，於是離開了原來的出版工作，返回山區墾荒。因為尊重生態，他不破壞山林，以有機的方式，讓咖啡樹與林木共生。因為感受暖暖的人情，即使二度遷移，他也用心經營一個想像中，屬於人性的空間。,走在東山區高原里段的175線市道上，沿途冒出了不少「咖啡別館」。這些「咖啡別館」，以深沈的人文精神，豐富了原是荒涼的的山路。於是，在2006年初冬，博取了另一個名字&mdash;咖啡公路。 　　咖啡公路本身不僅是一個空間意識的感覺，更是一個文化的識別。175公路，披上了一個鮮明的LOGO。當這些人文的、文化的要素匯聚一起，就直覺這條175公路，本身就是一件賞心悅目的事。但是，該怎麼定義這些「咖啡別館」？要稱為「Coffee Shop」嗎？ 　　顯然，「Coffee Shop」是一個西方的文化意涵，在175這裡，不存在巴黎那種冷豔高傲的時尚感，只是媒體操弄白人優越和過度真實(hyperreality)的陷阱。175多了一份臺灣鄉土的自在，沿路的咖啡，已不是殖民意念下的咖啡，這裡的咖啡已經藉由臺灣人的涵養與悠閒，活出了自己生命裡的自信，或者嚴肅點說，這裡的咖啡，已不僅僅是東山鄉的咖啡，更是文化臺灣的咖啡。 　　「大鋤花間」堪稱是這種文化咖啡的源頭。 　　郭雅聰，一個曾經與文學為伍的人，20年前，由於心底對記憶鄉土的感受，於是離開了原來的出版工作，返回山區墾荒。因為喜歡宋人宴殊的「花間集」，於是拿起鋤頭，耕耘了這一片「大鋤花間」。因為尊重生態，他不破壞山林，以有機的方式，讓咖啡樹與林木共生。因為感受暖暖的人情，即使二度遷移，他也用心經營一個想像中，屬於人性的空間。 　　在「大鋤花間」，透過熱忱在人性間的流動，你會發現：有時創意只是傾聽一下自己內心的聲音而已，而空間設計只是更尊重一下自然，更體會一份和諧。 　　「大鋤花間」販賣的不僅僅是咖啡，更販賣著一種人文與感動。,週一~週五10:00~18:00週六、日10:00~21:00，週二休息,東山區,733 臺南市東山區高原里109-17號,-6863470,,23.28408,120.50138,,咖啡茶鋪、飲料冰品,美食,2022/2/2 12:03
1065,zh-tw,善化糖廠門市部,擁有冰品門市部的善化糖廠，向來半年製糖半年賣冰，推出產品有紅豆牛乳、葡萄、綠豆、蛋黃、芋頭、核仁等等數種口味，消暑解渴，為夏季的絕佳聖品。善化糖廠門市部前景觀佔有絕佳優勢，不但提供停車位，旁邊又有親水公園、百年大樟樹、台糖小火車供觀賞。園內有許多棵芒果樹，每當夏至來臨時，樹上結滿芒果，吸引許多假日遊客休憩。,舊名台灣製糖株式會社灣裡製糖所的善化糖廠創建於明治38年（1905），是台南市目前唯一仍維持製糖業務的糖廠，只是原料甘蔗全面採用公路運輸後，廠區聯外道路都已拆除，懷舊的人只能於田野間找尋若干荒廢的鐵軌緬懷一番，當然也不會忘記吮著糖廠冰棒的甜美童年印記。 　　 以前到糖廠吃冰，必須先購票再領冰，冰票有茶色、紅色、綠色、黃色、咖啡色&hellip;&hellip;等等顏色，一種顏色代表一種口味的冰棒，一枝冰棒使用一張冰票，賣冰棒的員工只要瞄一下什麼顏色，就能迅速無誤地拿出冰棒來。 冰工廠班長吳金鳳表示，以前都是手工煮料、填料、插竹棒、拔冰棒；由於不會快結冰，生產速度慢，但生意好，所以常加班到深夜。搬到現址後，已改為機械化，但仍維持人工煮料，目前冰工廠有7位冰品製作人員，大家分工合作，每天工作8小時，仍忙個不停。 人事課的翁薌茴表示，善化糖廠以消費者的心態來經營冰品，冰不做很Q，因為不想放乳化劑等化學品，也不用粉；上一陣子國際玉米漲價，製作成本增加，但仍堅持不加太白粉，不減玉米粉的量；冰棒製筒仍使用長久以來的大筒，不減少冰棒的份量。真材實料，用心經營，因此客源固定，家長也很放心讓小孩子來吃冰。 由於善化糖廠的冰品有口皆碑，許多公司行號、機關團體，如南科台積電、關仔嶺風景區、台糖各加油站、江南渡假村、總爺藝文中心、蕭?文化園區&hellip;&hellip;等均前來委託製作；同時也是各大媒體爭相報導的對象。 紅豆牛奶冰是善化糖廠的招牌冰。來自屏東的紅豆，又大又香又好吃。古早味的雪淇冰、紅豆與牛奶製成的紅豆牛奶冰，在星期假日一直供不應求，其受顧客之肯定可見一斑。紅茶是糖廠冰品中老字輩的飲料，自來受顧客的垂青盛況不減。冰淇淋類中較特殊的是木瓜冰淇淋、椰油冰淇淋與藍姆葡萄冰淇淋，其中為因應家庭購買，木瓜冰淇淋還特別推出家庭號的大盒裝，每盒80元，真是賺到了。 　　冬天是冰的淡季，卻是糖廠製糖的忙碌季節，員工都投入製糖的行列，因為冬天糖廠製糖時段是不賣冰的，但冬天仍有固定的吃冰群眾，為不讓想吃冰的群眾失望，從2005年起，冬天亦排有工作人員兼製冰，所以全年都可以吃到善化糖廠可口美味的冰品。 　　花木扶疏，環境優美的善化糖廠，門市都有個寬廣、幽雅的吃冰空間，有樓台水榭的庭園之美，尤其親水休憩公園更適合全家一起出遊。在善化糖廠吃冰，真是一件賞心悅目的事啊！,週一~週日09:00–17:00,善化區,741 臺南市善化區溪美里262號,-5809338,,23.15419,120.28889,,飲料冰品,美食,2022/11/30 12:00
1066,zh-tw,不老莊藥膳香腸,藥膳香腸調理上加養生藥材，以溫體豬肉現做，讓藥食同源呈現健康概念，更能讓肉質更Q嫩鮮美，具有古早味，吃起來有特殊口感。藥膳香腸吃起來有古早味香氣，咀嚼大塊肉口感，爽口不油膩！,"1989年不老莊萌芽於南門路&rdquo;全台首學&rdquo;孔子廟對面，府中老街商圈入口處。以46種養生中藥香草加58度金門高梁酒，取現宰之鮮活前後腿溫體豬肉，角切大塊肉，不加防腐劑也不加色素、粉料，純是成豬的原塊肉（在45分鐘之內完成調味，溫體肉較易吸收）調製而成，以凸顯出藥膳香腸與眾不同的醇厚特殊口感，香味、鮮味十足，清爽不油膩，油脂不易屯積腹內，宜消化的特點，怕肥胖及上了年紀的人，均可安心食用。而它紮實的口感，讓它蟬聯了三屆（二○○七至二○○九年）府城十大伴手禮。

因店內大部份產品均以中藥香草為主要素材，且以健康為理念，所以取名為「不老莊」，希望讓人吃了身體健康，不會老。



&nbsp;",週一~週日08:30~21:00,中西區,700 臺南市中西區南門路53號,-2261408,,22.98996,120.20482,,伴手好禮,美食,2022/2/2 12:02
1067,zh-tw,周氏蝦捲台南總店,"周氏蝦捲特選豬腹膜作為包裹蝦捲的外皮，經高溫油炸後，原先分布在腹膜上的油脂溶化，滲入內餡，使得周氏蝦捲嚐起來格外鮮嫩多汁，香味四溢。 
另外，本店特製的裹粉，則是周家研製多年的祖傳配方，油炸後皮薄酥脆，即使放至一段時間，也不易變軟或變硬，完美保留蝦捲的美味口感。

小數：	經度:120.174572	緯度:22.998126
分數：	經度:120 °10'28""	緯度:22 °59'53""","本身為外燴「總舖師」的周氏蝦捲創辦人周進根，原本只是利用沒有外燴工作的閒暇時間在安平賣小吃，沒想到所有項目裡蝦捲賣得特別好，便開始專心經營蝦捲這門生意，後來賣出了名堂，也經營出品牌，現在遊客來安平都得先嚐嚐這味才回家去，可說是安平的小吃奇蹟。

周氏蝦捲特選豬腹膜作為包裹蝦捲的外皮，經高溫油炸後，原先分布在腹膜上的油脂溶化，滲入內餡，使得周氏蝦捲嚐起來格外鮮嫩多汁，香味四溢。&nbsp;
另外，本店特製的裹粉，則是周家研製多年的祖傳配方，油炸後皮薄酥脆，即使放至一段時間，也不易變軟或變硬，完美保留蝦捲的美味口感。",週一~週日10:00~22:00,安平區,708 臺南市安平區安平路408-1號,-2800424,,22.99819,120.17461,,,,2022/2/2 12:03
1068,zh-tw,阿三意麵,鹽水意麵細扁的口感，撲鼻的蛋香，淋上精心魯製的肉燥醬料，讓人讚不絕口。以新鮮豬肉魚漿攪拌的內餡，裹以麵粉雞蛋油炸的肉燕酥亦昰特色。來趟鹽水記得品嚐這道地小吃。,開業於1951年，已有61年歷史的阿三意麵算是老字號，據第二代老闆陳永彬說，民國40年時，父親陳阿杉向一位福州師傅林依貴學做意麵、並開始在市場販售；民國60年父親去世，為紀念父親，將麵店取名為「阿三意麵」。 民國79年，中正路拓寬夜市場被拆除，於是將麵攤遷至中山路與康樂路交叉路口的點心城，由妻子繼續經營，陳永彬則負責意麵的生產工作，不僅自「做」自「售」，鹽水區其他多達10幾家的意麵攤原料也是出自阿三意麵，是鹽水地區號稱唯一自產自銷的意麵店。 由於阿三意麵的麵條自產自銷，為維持口碑與信用，老闆陳永彬在用料上絕不吝惜，鴨蛋別人放2粒、他放5顆，揉麵人家揉2次、他可以揉上7-8回！扎實的作料，淋上精心燉熬、獨門秘方的肉燥醬汁，不僅香Q彈牙、鹹淡適中、份量也剛剛好，佐以瘦肉片、蒜汁、醬油和豆芽菜，臺灣古早意麵，就是這個味！久而久之口耳相傳、名氣越來越旺，在滿是意麵攤的鹽水中勝出，不少鹽水人都是從小吃到大，連國外慕名而來賞蜂炮的遊客，也經常指名「阿三意麵」！,週一~週五07:00–17:30 週六~週日07:00–18:30,鹽水區,737 臺南市鹽水區康樂路56號,-6525870,,23.31949,120.2687,,麵食醬料、中式美食,美食,2022/2/2 12:02
1069,zh-tw,泰香餅舖水果餅,新化老街上也有幾間老字號商店，其中最出名的就是泰香餅舖(中正路431號)，以糯米粉為外皮，內包甘藷、桔子汁、麥芽糖製成的水果餅，以及塗抹黑糖、麥芽糖的月子餅是店中的兩大招牌，皮薄餅脆，內餡甜度適中，口味很好，是其他地方沒看過的獨賣商品，不妨嚐嚐。*巴洛克建築60年*第二代經營，至今60幾年（第一代由叔叔經營）*水果餅又稱鎮餅：早期稱（水餅）*水餅的由來：新化區市民只要有生兒子的，都會在隔年1/20，2/15，2/22，4/15，其中一天（依每個村莊而不同）做紅饅頭敬謝神明可是紅饅頭存放時間不長，後來才改成,難忘ㄟ大目降酥脆香 　　新化老街是臺灣保存最完整、最漂亮的街屋，這些洋樓年代久遠，見證新化早年的繁榮，至今已一甲子的泰香餅舖，就在老街裡頭。 　　周逢泰先生是泰香餅舖創辦人，最早是進口西藥商人，由於二次世界大戰藥源中斷，所以找了3位師傅做起糕餅生意。數年後由姪兒周昭安繼承，開啟泰香餅舖成「新化鎮餅」傳奇的一頁。 臥虎藏龍老街裡的傳奇糕餅 　　老闆周昭安說，從「阿祖」年代起，他們就住在中正路上，當時日本人推行街道改正，繁榮的新化街頭陸續蓋起洋樓，家境小康的周阿祖也不例外。他們當時沒想到，時至今日，老街屋會成為新化特色；也沒想到，水果餅會變成新化名產，在媒體推波助瀾下，純樸小鎮颳起了一陣水果餅炫風。 　　如今除了周昭安，弟弟和弟媳也一起幫忙，每到星期假日生意興隆，師傅做到手軟，仍舊敵不過人潮。民國86年一項烘焙展被評為優良糕餅，更是紅翻天，接了不少國外訂單，在國際打開了知名度。 三寶為餡大目降添丁必需品 　　同樣是老闆， 不同於五叔的是：周昭安從小就會做餅！退伍後開始和五叔一同打拚。從前新化人生了兒子，都會在隔年固定某天做紅饅頭謝神，因紅饅頭不耐放，改成「水餅」，這也是最早泰香餅舖賣的餅。後來周昭安開始注重養生，因而改良內餡，口味更清淡，成為今日的水果餅，因含有添丁之意，又稱「丁餅」。 　　店內兩大招牌，一是以糯米粉為外皮，內包甘藷、桔汁、麥芽糖的水果餅，和內抹黑糖、麥芽糖的月子餅。遵古法製、無防腐劑、皮薄餅脆、甜度恰好，早期在新化是珍貴食品，老一輩還暱稱它「香餅」，果然「太香」！也因水果餅餡含新化三寶之一的番薯，被拿來當作「鎮餅」，足見在新化的重要性。 「泰香」太香老鎮巡禮必備的伴手禮 　　如今周昭安已70餘歲，但仍舊身體勇健、說話中氣十足。兒女也已長大，個個品學兼優，因從事教育而無暇回鄉，遑論繼承餅舖。但也許不需擔心這間60年老字號的接續問題，因為已然成為「鎮餅」的泰香餅舖，任誰也奪不走它在新化人心中的地位！下回來到新化老街，請試試古早味水果餅，細細品嚐，彷彿也參與了大目降人新獲麟兒的喜悅，那滋味會隨著你踏上歸程，融化成為你記憶裡的新化鎮。,週一~週日07:30~20:30,新化區,712 臺南市新化區中正路431號,-5905808,,23.03558,120.30803,,甜點糕餅、伴手好禮,美食,2022/2/2 12:02
1071,zh-tw,榮義蜜餞行,「榮義行」商品種類繁多，舉凡傳統的糖果、餅乾、玩具都有賣，商家秉持老店號的道德傳統，以價格公道、品質衛生為營業方針，客戶至上為原則，歡營大家來店參觀。,第一代創辦人陳教本，於民國三十八年在海安路開設玩具糖果蜜餞店，海安路未拓寬之前中間有一排雙向店面，每家店面格局都不大，任何生活民生用品都可以在海安路買到，一天到晚人群摩肩接踵的川流，是台南西區最熱鬧的地方。陳教本先生夫妻兩人齊心努力，終於也闖出了名號，海安路「榮義行」可說是遠近馳名，客戶遍及全台，甚至離島的澎湖地區也向「榮義行」訂貨，生意飛黃騰達。 　　民國六十五年，由第二代陳勝義先生接任，「榮義行」生意繁忙一如往昔。十幾年前，施治明市長推行建設海安路地下街政策，許多商家被迫遷移，工程又一直延宕，帶來的漫天灰塵、交通不便、危險建築等因素，使許多原本在海安路的商家遭受經濟危機，「榮義行」也不能幸免，海安路的繁榮就這樣瓦解了。 直到許添財市長當選，於民國九十一年底將整條海安路全線通車，終於結束了海安路的黑暗時期，商機得以重見光明，「榮義行」也漸漸恢復往日的正常作息。 傳承： 創辦人：陳教本 第一代　陳教本 第二代　陳勝義 特色：「榮義行」商品種類繁多，舉凡傳統的糖果、餅乾、玩具都有賣，商家秉持老店號的道德傳統，以價格公道、品質衛生為營業方針，客戶至上為原則，歡營大家來店參觀。,週一~週日10:00-22:00,中西區,700 臺南市中西區海安路2段29號,-2269031,,22.99978,120.19884,,飲料冰品、伴手好禮,美食,2021/3/4 12:00
1072,zh-tw,克林台包,「克林食品店」是台南人特殊的記憶，它創造過許多其令人回味的商品；三十五年前開始販售的「八寶肉包」也是克林的招牌商品，「八寶肉包」是第一代劉老先生的傑作。起因於每年除夕夜，「頭家嬤」都會做八寶肉丸的料理，可蒸、煮、炒、炸，是用途廣泛的食材，劉老先生將八寶肉丸加以改良，為了適合存放口味做得較重，因為當時冰箱不是普遍的電器。一個包子15元，一天只賣60個，限量供應。,克林食品店創辦人劉錫?先生，於日治時期，曾被徵調到南洋日本憲兵部隊服役，聽說當年整條街區被徵調了一百多個人去，只有十三個人平安歸來。回台灣後曾經營木料生意，因被惡意倒帳而放棄，後被聘往南商學校當實習主任，教育出不少精英服務於金融界。民國四十一年，於現址對面開設克林食品店，做西點麵包兼賣食品雜貨。 　　「食??」，也就是土司，在當時屬於高級營養食品，一整條要四元半，很少人會買整條，多半會買「食??」的人家，是以像寄放牛奶的方式，由店員每天送二至四片切包裝的土司到顧客家。因為這樣的關係，當時協防台灣駐台南的美軍聞風而來，由於有送貨到家的服務，後來甚至食材採買也拜託克林。劉錫?先生因日治時期畢業於商業學校，會一些簡單的英語會話，幫了美軍家庭的大忙，偶而美軍夫人會回送一整袋的小紅蘋果或其他美軍俱樂部福利社的物品，劉家捨不得吃用，反而有客人想買，克林就這樣順理成章的做成了買賣。六○年代以前進出口管制相當嚴格，進口貨物稱為「奢侈品」，因量很少所以只做熟客的生意。 　　民國四十八年於現址重新整修建造，五十一年完工，隔年正式開張起用。劉老先生不僅自己進修西點麵包手藝，為了做出更好吃的土司及蛋糕，還特地請來日本麵包研究所雁瀨大二郎教授蒞臨指導，近一個月的技術提供、研發，終於做出了更適合台灣人口感的土司。當時在台南蔚為風潮，業務繁忙期，甚至採用30幾位員工半夜二點就要輪班開工作業才能應付。之後，劉老先生專心於商品研發，店務則交給夫人及弟弟負責。 　　六○年代中期，稍微開放進口貨物，當時的稅金為百分之二百，而且只開放歐美食品，過幾年後才開放日本食品罐頭。第二代劉宗安先生，於六十四年退伍後馬上接管店務，拓展店面，加強雜貨食品方面的銷售，另外成立克林企業股份有限公司，甚至開辦台南第一家由麵包食品轉型的迷你生鮮超市，全台西點糕餅罐頭公會紛紛組團前來觀摩，可謂是台灣食品業界的前瞻者。 　　八○年代時期，進出口全面開放，克林不再獨佔市場鰲頭，坊間生鮮超市林立，各式的食品原料行也紛紛出現，劉宗安先生依市場分析本能，感覺社會需求的改變，於七十六年再度規劃裝潢店面成今日格局，並大量進口日系商品，為台南第一家日本進口食品原料最多的店，甚至有些特定的西餐食材還是在克林才買得到，老商家有好的信譽，才是客源不斷的原因。 　　三十五年前開始販售的「八寶肉包」也是克林的招牌商品，「八寶肉包」是第一代劉老先生的傑作。起因於每年除夕夜，「頭家嬤」都會做八寶肉丸的料理，可蒸、煮、炒、炸，是用途廣泛的食材，劉老先生將八寶肉丸加以改良，為了適合存放口味做得較重，因為當時冰箱不是普遍的電器。一個包子15元，一天只賣60個，限量供應。 　　前幾年，劉宗安先生為了大力推銷「八寶肉包」為主力產品，於是以原來的配料在口感上稍微做調整後，以伴手禮的方式促銷，並以「克林台包」上市，意即台南口味的包子，果然又造成一波轟動，每日宅配預約的電話響不停。目前研發的新產品松露養生包，可說是台灣第一，所以劉先生稱它為「台灣第一包」。劉先生說，新開發的產品在口味上可調整為適合現代人的需求，但他總會考慮到傳統配料才是文化的源頭，所以克林的任何一種產品都是傳統文化的延續，為了使顧客明白，還特地印製解說，可見其對傳統的執著。 克林八寶肉包：http://062222257.travel-web.com.tw/ 傳承： 創辦人：劉錫? 第一代　劉錫? 第二代　劉宗安 特色： 　　「克林食品店」是台南人特殊的記憶，它創造過許多其令人回味的商品；民國五十三年的南台灣大,週一~週日08:00–21:00,中西區,700 臺南市中西區府前路一段218號,-2221377,,22.98913,120.20479,,地方小吃、伴手好禮,美食,2022/2/2 12:03
1073,zh-tw,振來發囍餅蛋糕,學藝過程完整，歷經永南興、舊永瑞珍兩大傳統餅舖的洗禮，可見證台南傳統糕餅業的變遷過程，又因受廟方委託製作祭品，對宗教科儀有一定程度的熟悉，為文化傳承的重要見證者。此外振來發的肉包及素包也很好吃，因數量有限，多為熟客所購買。,第一代陳秋籐先生，麻豆人，三歲時與家人遷移府城，父親在台南從事木材與木炭配給銷售工作，後來因為戰爭空襲又舉家避居麻豆，十七歲畢業於麻豆專農學校（今麻豆高中），終戰後再回到台南。經由姑姑介紹進入永南興餅舖當學徒，永南興早期為台南最大製餅商家之一，經過三年四個月的學習，由學徒正式晉升為師傅，服務一年餘後再進舊永瑞珍學習漢餅製作，擔任烤餅師傅，這時間正值舊永瑞珍由水仙宮市場搬移至永福路二段現址。兩年後25歲結婚，26歲長子出世，27歲於成功路現址獨立創業至今，已近五十年。 　　目前由第二代陳佑成及媳婦郭碧華負責店務，振來發主要生產傳統糕餅、禮餅、肉包、水晶餃、麵線塔、葫蘆塔、壽桃塔等廟宇祭祀用品，也做西點麵包、蛋糕。早期，鴨母寮市場附近很多家傳統製餅舖，因為原料、人力及工藝傳承集中，到五條港水仙宮一帶可說是台南的餅店區，傳統製餅業相當辛苦，休息時間不固定，時常在半夜裡工作或整夜的趕製，以應付顧客所選定的時辰交貨，後來很多店家因無人繼承而歇業。 　　振來發至今仍為開基武廟、祀典武廟、天壇、開基天后宮、海安宮、三老爺宮、保西宮、縣城隍等古廟的委託製作糕餅，原因，陳先生堅持不願意提前製餅，如果訂單有衝突也寧可推掉不接，惟為如此才能確保產品的鮮度與美味。 　　我們常以為傳統文化會因為時代的進步而漸漸式微，但我們也看見有人為了堅持傳統而執著，相信社會的變遷會依序漸進，也相信傳統行業會以自己的方式呈現。 傳承： 創辦人：陳秋籐 師承：永南興餅舖、舊永瑞珍餅舖 第一代　陳秋籐 第二代　陳佑成 特色： 　　學藝過程完整，歷經永南興、舊永瑞珍兩大傳統餅舖的洗禮，可見證台南傳統糕餅業的變遷過程，又因受廟方委託製作祭品，對宗教科儀有一定程度的熟悉，為文化傳承的重要見證者。此外振來發的肉包及素包也很好吃，因數量有限，多為熟客所購買。,週一~週日08:00–20:30,中西區,700 臺南市中西區民族路三段209號,-2223994,,22.99951,120.20218,,甜點糕餅、伴手好禮,美食,2021/3/4 12:00
1074,zh-tw,雙全紅茶,只賣紅茶，有冷、溫、熱三種，分鹹（甜）、半鹹（半甜）兩種口味，與一般泡沫紅茶的熱沖冷泡不一樣，等紅茶涼了再搖冰塊，口味濃郁，風味絕佳。,第一代創辦人張番薯先生，於日治時期在日人開設的餐館工作，學會使用「雪克杯」調製飲料，戰後，民國三十八年與太太在今中正路131巷的巷口賣紅茶，取名「雙全」。使用的茶葉是魚池鄉特產的仙女牌紅茶，這是日治時期，日本人改良後的茶葉，有特殊的果香味，加入熬煮成焦糖色的糖漿，雪克後，綿密的泡沫以及冰涼的口感，非常適合炎熱的台灣夏天，也因此相當受歡迎。 　　許天旺先生原本在131巷內，總趕宮前榕樹下賣香腸熟肉，與張先生是多年鄰居，民國六十九年，張先生夫婦因年事已高準備退休，打算將紅茶的生意傳授給許天旺，因為他很認同許先生做事按部就班的方式。許先生原本很猶豫，怕身兼兩職忙不過來，後來還是接下來做，成了「雙全」第二任的經營者。後來真的忙不過來，為了保持品質，只能二選一，就這樣成了正牌的「紅茶伯」。 　　「紅茶伯」原本也在巷口擺攤，後來政府規定巷口不能設攤，怕影響交通，「紅茶伯」才在巷內租了店面繼續營業到現在，與顧客長年的交往，很多都成了朋友，甚至有每天報到的，「紅茶伯」戲稱他開的店是「人的加油站」，現在第三代許漢堯先生也開始漸漸接手生意。 傳承： 創辦人：張番薯 第一任　張番薯 第二任　許天旺（第一代） 第三任　許漢堯（第二代 特色： 　　只賣紅茶，有冷、溫、熱三種，分鹹（甜）、半鹹（半甜）兩種口味，與一般泡沫紅茶的熱沖冷泡不一樣，等紅茶涼了再搖冰塊，口味濃郁，風味絕佳。,週一~週六11:00–18:00，週日休息,中西區,700 臺南市中西區中正路131巷2號,-2287551,,22.99222,120.19971,,飲料冰品,美食,2022/2/2 12:04
1075,zh-tw,順天冰棒,南台灣天氣熱，冰品銷售期間長，一般人都認為賣冰是利潤不錯的行業，不過，對於重視品質高於利潤的葉老闆來說，賣冰只是賺工錢，分享才是最開心的。葉先生做的不只是良心事業，也老台南道德文化傳統的延續。,在台南有句話說「第一醫生，第二賣冰」，意思是涼水錢很好賺，但順天冰棒的葉老闆可沒這麼想，因為順天的冰棒是純手工製作的，動員全家，每日也只能生產四、五百支冰棒，有廠商因為看好他的純天然口味，想來洽談批發，被葉先生拒絕了，他不願意因為大量生產改成機器製造，而失了原有的味道，至今櫃台前仍貼著「謝絕批發」的字條，但因應時代潮流，和為了讓更多人分享美味，現在有低溫宅配服務。在台南，像這樣堅守手工藝傳統的老台南人還真不少，這也是台南文化之所以迷人的原因吧！ 　　順天冰棒的開創人葉才先生，年輕時和父親在東門圓環賣冰品、涼水，後來也做過一些小生意，總是不順利。之後，葉才先生自行研發製作冰棒，剛開始是騎著腳踏車在中、西區一帶沿街叫賣，台南夏天很熱，冰品、涼水的生意不錯，葉先生做的冰棒衛生、料多又好吃，漸漸的賣出口碑來，這樣也賣了二十幾年，約二十年前才在開山路延平郡王祠對面的巷內住家設店面，取名「順天冰棒」。 　　目前第二代葉振昌也投入生產行列，冰棒口味多達11種，每枝15元。葉才自豪的說，順天的冰棒完全沒有額外的添加物，以紅豆牛奶冰來說，原料只有頂級紅豆及牛奶、砂糖，沒有額外添加粉類或香料，每一口吃到的都是天然紅豆香味。在沒有RO逆滲透的時代，葉才就堅持用開水，其他業者還有人用地下水；一級白砂糖還未上市時，順天用的糖全都得過篩，以降低雜質，現在也用一級白砂，不使用人工加味糖，就是這樣的堅持，使順天冰棒更好吃。 順天冰棒：http://qk.gokimo.com/gViewpost.php?post_id=5201&amp;pt=1182859610 《地方產業》府城奇冰屹立50年　記者孟慶慈：http://www.libertytimes.com.tw/2005/new/jun/27/today-stock4.htm 順天冰棒：http://jemmy0929.spaces.live.com/Blog/cns!199E777BC8603A13!9441.entry 傳承： 創辦人：葉才 第一代　葉才 第二代　葉振昌 特色： 　　南台灣天氣熱，冰品銷售期間長，一般人都認為賣冰是利潤不錯的行業，不過，對於重視品質高於利潤的葉老闆來說，賣冰只是賺工錢，分享才是最開心的。葉先生做的不只是良心事業，也老台南道德文化傳統的延續。,週一~週日09:00~21:00,中西區,700 臺南市中西區開山路151巷7-1號,-2134805,,22.98833,120.20851,,飲料冰品,美食,2021/3/4 12:02
1076,zh-tw,友誠蝦仁肉圓,"主要商品：蝦仁肉圓一份三粒45元、香菇肉羹一份35元、虱目魚丸湯一份25元。 
特色：手工製作的蝦仁肉圓外皮由「在來米」磨成米漿加地瓜粉而成，皮薄又Q、蝦仁是採用「火燒蝦」，經抽沙處理，新鮮又脆，又有肉燥香，加上特製的醬汁，再來一碗味濃、料多的肉羹，真是人間美味。 
商店歷史特色：本店於民國39年在東門圓環創業，至今已經傳至第三代，現址於民國89年重新裝修，冷氣全天開放，店內明亮、寬敞、舒適，服務人員親切熱忱。",台南的肉圓分三種，一種包角肉的肉圓，一種包肉燥和鮮蝦的蝦仁肉圓，這二種是蒸炊式的肉圓，另一種最原始的肉圓是包肉燥，小小的，用炸的，大約兩口就解決了，皮較厚餡兒少，早期的醃腸熟肉攤有賣，阿霞飯店的頭家嬤就賣過，先前還有一家民族路的阿全醃腸熟肉店有賣，阿全收攤後筆者再也沒吃過。 　　台南的蝦仁肉圓店很多，如保安路的茂雄、葉記、國華街的永樂、東寧路的永祺、裕農路的阿祥等，做工的不同在於肉燥的炒法和蝦仁的鮮度以及醬料，各家雖不同，但異曲同工，各有絕妙處。台南還有一家在國華街的彰化肉圓是用炸的，雖說是彰化肉圓，但在台南也已超過三十年，早被台南味給同化了。另外還有武廟前的清蒸肉圓及府前路二段的福記肉圓，在台南都很有名氣，皮料不同，沾料也不同，都需要排隊才吃得到，遊客來台南排隊吃點心似乎也是一種另類的樂趣。 友誠蝦仁肉圓：http://jemmy0929.spaces.live.com/Blog/cns!199E777BC8603A13!9441.entry 友誠蝦仁肉圓：http://enews.ccu.edu.tw/modules/news/article.php?storyid=98 友誠蝦仁肉圓：http://map.tncg.gov.tw/store.aspx?id=878 友誠蝦仁肉圓：http://linhsu.pixnet.net/blog/post/13725770 友誠蝦仁肉圓：http://blog.udn.com/claracasa/1479242 傳承： 創辦人：蘇松 第一代　蘇松（祖父） 第二代　蘇樹根（阿公） 第三代　蘇富宏（兒子）、郭美君（外孫女） 第四代　靳秋玲（媳婦） 沿革： 　　第一代蘇松，餐飲業人士稱「蘇仔」，「蘇仔」最初是於戰後民國三十九年，在康樂市場沙卡里巴擺攤賣蝦仁肉圓，後來搬到東菜市，再轉到東門圓環的攤位。第二代蘇樹根時又遷移至民權路一段建國戲院前，店名為「建國蝦仁肉圓」，之後第三代蘇富宏接手，現今媳婦靳秋玲則為第四代。 　　「友誠蝦仁肉圓」是蘇松的外孫女郭美君小姐開設的，為第三代。郭小姐經由母親承傳了外公的手藝後，在開山路馬公廟旁開店做生意，醬料的口味稍微做了調整，與現在「建國蝦仁肉圓」的口味有點不同，「友誠蝦仁肉圓」在台南也相當知名。 特色： 　　「友誠蝦仁肉圓」可以算是世代傳承，其知名度足以解釋經營者的用心，生意買賣不只是營利，更是傳達城市文化的人文特色。,週一~週日09:45–20:00,中西區,700 臺南市中西區開山路118號,-2243700,,22.98942,120.20719,,地方小吃、麵食醬料、中式美食,美食,2022/2/2 12:01
1077,zh-tw,台南小南碗粿,小南的碗粿像布丁一樣很有彈性，搖起來會晃動，內容料好又實在，醬料也不會太鹹，浮水虱目魚粳也很美味，粳肉比一般店家做的還要Q軟，店面雖小，但整理得乾淨整潔，前陳總統時還曾被邀請參加國宴，目前沒做批發，但有宅配服務。,碗粿是一種庶民點心，也不知道從什麼時後開始流行賣碗粿配魚粳，相信這種吃法應該是從台南開始的，因為賣碗粿的魚粳丸一定要是虱目魚做的，否則湯頭不會甜美。在台灣，北、中、南各鄉鎮城市都有碗粿這一樣點心，可見其普遍化的程度，北部的碗粿作法較屬於客家料理，大多是白米漿加一點油蔥和菜脯，粿色較白；南部的碗粿作法多加了爆香的油蔥或肉燥，會有一些醬色。 　　原台南市的碗粿又和原台南縣不一樣，原台南縣較出名的佳里碗粿是所謂的油蔥粿，酥油的蔥香味較重，口味較淡；原台南市的則是肉燥粿，有肉燥香及醬油色，比較重口味，後來因各家競爭，也有人在粿裡放肉角、香菇、蝦仁，甚至鹹鴨蛋黃，價格在20元至35元不等。即使是普遍化的庶民點心，台南人作法就是和別人不一樣。 小南碗粿：http://blog.pylin.org/2008/02/18/387 傳承： 創辦人：鄭振富 第一代　鄭振富 第二代　鄭志強 第三代　鄭博獻 沿革： 　　「小南碗粿」原本開在東門圓環裡的點心城，由第一代鄭振富於民國四十一年所開設，東門圓環的點心城曾是台南美食的集中地之一，美食雲集，相當熱鬧。後來，當屆的市長林錫山先生於民國五十七年十一月三十日，以整頓市容及交通安全理由，下令拆除違建的點心攤位，鄭老闆只好將店面遷移到開山路上南師附小旁。因清代小南門城立於此，所以台南人俗稱這地方為「小南」，「小南碗粿」的名稱因此而來。 　　搬到小南後，生意做得正順遂時，又逢前蘇南成市長要整頓市容，大量拆除臨時攤販，鄭老闆只好再一次遷移到復興路靠近法華街口處，民族路的點心夜市也是那時拆遷的。開店做生意的最怕搬家，怕顧客跑掉，也怕新選的地點市潮不好。大約十年前，因為分家的因素，第二代鄭志強又將小南碗粿遷到現在府前路二段的地址，「小南」是有店底的老字號，所以雖然搬遷離開原地到了城西，仍然以「小南碗粿」為名，老顧客依舊尋路而來，這要歸功於鄭老闆做碗粿的功夫及做生意的態度。 　　「小南碗粿」原本有註冊，後來十年期到了，鄭先生忙著做生意忘了去延續，以至被「小南米糕」搶先登錄註冊，其實兩家是不同老闆開的店。 特色：小南的碗粿像布丁一樣很有彈性，搖起來會晃動，內容料好又實在，醬料也不會太鹹，浮水虱目魚粳也很美味，粳肉比一般店家做的還要Q軟，店面雖小，但整理得乾淨整潔，前陳總統時還曾被邀請參加國宴，目前沒做批發，但有宅配服務。,週一~週日09:30–16:00，週三休息,中西區,700 臺南市中西區府前路二段140號,-2242256,,22.99129,120.19453,,地方小吃、麵食醬料,美食,2021/3/4 12:00
1079,zh-tw,阿霞飯店,「阿霞飯店」的創辦人吳錦霞女士，因家計因素未能繼續升學，並到父親的「飯桌仔」幫忙，維持家計並栽培弟妹成長。戰後，遷移到中央市場即今國花大樓附近，賣油炸肉圓、大腸、粉腸、蝦捲等，因地段好，口味佳，漸漸打出知名度，多位台南知名政要也都成了老主顧。民國七十二年再搬遷進現址，正式命名「阿霞飯店」營業。當時曾因先總統蔣經國先生的光顧而名聲大噪全台，成為日後的台灣總統和政要或影視名流來台南時的必訪之地。,"「阿霞飯店」的創辦人吳錦霞女士，1925年生，畢業於明治女子公學校(今成功國小)，因家計因素未能繼續升學，畢業後即在興濟宮廟埕，父親的「飯桌仔」幫忙，維持家計並栽培弟妹成長。戰後，遷移到中央市場即今國花大樓附近，賣油炸肉圓、大腸、粉腸、蝦捲等，因地段好，口味佳，漸漸打出知名度，多位台南知名政要也都成了老主顧。 　　

蘇南成市長時期因興建國花大樓，阿霞的攤位才搬到忠義路天公廟街口，民國七十二年再搬遷進現址，正式命名「阿霞飯店」營業。當時曾因蔣故總統經國先生的光顧而名聲大噪全台，成為日後的台灣總統和政要或影視名流來台南時的必訪之地。
　　
阿霞女士今年已經八十三歲，雖然店務已交手給第二代吳榮燦看顧，但閒不下來的個性，至今仍每天到店裡監督。「阿霞飯店」有幾位廚藝高手，這也是阿霞飯店聲名遠播的因素，阿霞的五弟吳壽春、姪子吳榮燦、曹淑華夫婦以及吳壽春的姪子吳明潔，這幾位跟隨阿霞習藝近二十幾年，不但熟諳阿霞的食譜，也都學會阿霞的待客方式，每位客人不僅是享用美食，而且得到貴賓般的服務，這就是阿霞飯店的成功之道。

台南的阿霞飯店：http://space.uwants.com/html/78/941678-326920.html
台南‧阿霞飯店：http://blog.roodo.com/joycetalking/archives/3010499.html
阿霞飯店：http://www.ck101.com/forums/archiver/tid-1315460.html
紅蟳肥烏魚子香豪華貴氣犒辛勞：http://www.newtaiwan.com.tw/bulletinview.jsp?bulletinid=23574

傳承：
創辦人：吳錦霞 第一代　吳錦霞 第二代　吳榮燦",週二~週日11:00~14:00、17:00~20:00，週一休息,中西區,700 臺南市中西區忠義路二段84巷7號,-2223540,,22.99412,120.20369,,麵食醬料、中式美食,美食,2022/11/30 12:00
1080,zh-tw,阿美飯店,阿美飯店主要有名的招牌菜是沙鍋鴨，開店以來，已有30年歷史之久，特色則是肉煮的極爛，卻不黏口，喝進湯頭有甘甜的味覺，除了鴨肉以外，白菜是次等的特色之ㄧ，沙鍋鴨的白菜可以吸取油，配上白飯，真是美味至極；而沙鍋鴨的湯頭是以豬骨所熬成的，再將白菜放置於鍋中燉爛到底，再挑一隻三斤半左右的中等嫩鴨，將其稍微油炸後與豆腐、肉絲、扁魚、鳥蛋、草菇、金針等配料一起放入砂鍋中，用慢火燉約2小時完成。,"創辦人蔡崇廉先生，於民國五十一年開設「榮美飯店」餐館，但客人總習慣以老闆娘阿美的名字相稱，相偕來去「阿美的飯店」，之後便順理成章，改稱「阿美飯店」。 營業時間：11:00~14:00、17:30~21:00主要有名的招牌菜是沙鍋鴨，特色則是肉煮的極爛，卻不粘口，喝進湯頭有甘甜的味覺，除了鴨肉以外，白菜是次等的特色之ㄧ，沙鍋鴨的白菜可以吸取油，配上白飯，真是美味至極。　

蔡先生原先是學台菜料理的，民國六十年以前，台南酒家很多，「酒家菜」就是道地的台菜料理，因為過去上酒家的客人多半是上了年紀的男客，所以酒家菜的特色就是料理精細，以軟稠居多，不用費嚼勁，口味偏重，適合下酒。 　　「阿美飯店」幾乎是家族事業，目前由第二代蔡坤益及妹妹蔡淑惠、妹婿李鳳明共同經營，除了老闆本身會廚藝外，也請了幾位師傅，員工和家人一樣受到照顧，因客源穩定，過年過節又有特訂料理出售，在不景氣的時候生意也不太受影響，今已由第二代蔡坤益先生掌理店務。老台南人請客一定會先到阿美飯店定桌，如果客滿，才會求其次到別的餐廳。


酒家菜饕客愛：http://www.newtaiwan.com.tw/bulletinview.jsp?bulletinid=23575

鮮美砂鍋：http://www.twoec.com.tw/Subject/Content.aspx?ID=1

-->
傳承：
創辦人：蔡崇廉 第一代　蔡崇廉 第二代　蔡坤益

特色：
砂鍋鴨和砂鍋魚頭是阿美飯店的招牌菜，砂鍋鴨原本是福州菜，將其改良為適合台南人的口味而成，內容物有整隻鴨、扁魚、豆腐、肉尾、草菇、鳥蛋、金針等配料，熬煮時間約三小時，湯汁甜美不油膩，配料吸取湯汁後入口即化，不喜吃鴨肉的客人可改選魚頭，逢年過節一定要先預約，否則吃不到。

11:00~21:00皆可電洽業者
&nbsp;","週一~週日11:00~14:00、17:00~21:00，週二休息
",中西區,700 臺南市中西區民權路二段98號,-2221968,-2263826,22.99505,120.2042,餐飲,地方小吃、麵食醬料、中式美食,美食,2022/2/2 12:02
1082,zh-tw,明新食品-總店,明新食品初創於民國51年，在成功大學及台南一中學區附近成立明新食品行（現長榮路、東寧路口），係屬一販售民生用品之雜貨店，負責人許俊雄先生（現任董事長）鑒於西點麵包將改變國人飲食習慣，以極具前瞻性的眼光前往台北南港烘焙學校（現中華穀類研究所）學習烘焙相關知識及技術，將雜貨店逐漸轉型為西點麵包專賣店，伴隨台南市東區之發展於民國78年正式改組成立「明新食品企業股份有限公司」。,"明新食品（創立於1962年）已連續四年獲選為府城十大伴手禮，2010明新台灣土鳳梨酥更以台灣做造型，把傳統技術融入西方食材，選用關廟土鳳梨及美國蔓越莓巧妙結合，始內餡更豐富、口感更多重，再加上天然奶油搭配小麥胚芽及加拿大楓糖的外皮，多了纖維、多了美味、多了創意、且不含反式脂肪酸，讓健康訴求與獨特美味同時加分。

明新食品初創於民國51年，在成功大學及台南一中學區附近成立明新食品行（現長榮路、東寧路口），係屬一販售民生用品之雜貨店，負責人許俊雄先生（現任董事長）鑒於西點麵包將改變國人飲食習慣，以極具前瞻性的眼光前往台北南港烘焙學校（現中華穀類研究所）學習烘焙相關知識及技術，將雜貨店逐漸轉型為西點麵包專賣店，伴隨台南市東區之發展於民國78年正式改組成立「明新食品企業股份有限公司」。

明新古早味肉包，精選三分豬前腿肉，及七分五花肉混合的黃金比例，僅以單純天然甘醇的醬油、糖、鹽來調味淹漬，加上臺灣特級埔里香菇，及歸仁紅土鹹鴨蛋，調配成豪華卻保有傳統味道的豐富內餡；外皮不加任何一滴水，僅用鮮奶來調和高筋麵粉，完美比例的搭配，創造出Q彈綿密的口感，保證不添加味精及防腐劑。剛出籠熱騰騰的最好吃，即使冷掉了常溫吃，也別有一番風味。明新食品出品的肉包，保留了傳統與傳承的意義，請細細品嚐那股令人懷念的古早味。

虱目魚Q餅是將台南名產-鮮美的虱目魚融入傳統糕餅的精髓，呈現全新味覺的感受，提升大家對台南糕餅的印象。2009獲選為府城十大伴手禮。 規格：5入/盒 保存期限常溫10日",週一~週日08:00–22:00,東區,701 臺南市東區東寧路51號,-2370587,,22.9922,120.22141,,,,2021/3/4 12:00
1083,zh-tw,金華61鴉片綠豆蒜 - 台南安平總店,鴉片綠豆蒜乃因其平凡的外觀，就如同臺南市樸實無華的市貌。初嚐後，口感綿密立即讓人一口接一口，渾然不覺的上癮。為了融入臺南在地特色，除了食材取材於臺南本地之外，更採用臺南糖廠的天然甘蔗糖漿，經由精心特製調配，慢火煉煮，彙集在地臺南人的寶貴意見後，再與臺南本地的飲食文化做緊密的結合，調配出獨具臺南風味甜度適中以及細緻綿密的口感。,鴉片綠豆蒜乃因其平凡的外觀，就如同臺南市樸實無華的市貌。初嚐後，口感綿密立即讓人一口接一口，渾然不覺的上癮。 為了融入臺南在地特色，除了食材取材於臺南本地之外，更採用臺南糖廠的天然甘蔗糖漿，經由精心特製調配，慢火煉煮，彙集在地臺南人的寶貴意見後，再與臺南本地的飲食文化做緊密的結合，調配出獨具臺南風味甜度適中以及細緻綿密的口感。,週一~週五11:30–18:00 週六~週日10:00–19:30,安平區,708 臺南市安平區古堡街51-4號,-2234519,,23.00204,120.16141,,飲料冰品,美食,2021/3/4 12:01
1087,zh-tw,修安扁擔豆花,成立於民國88年，本著一步一腳印，用料實在來贏得在地人的讚賞，古早味與細膩的口感，堅持3大原則品質、衛生、不添加人工香料，以純手工製造。修安豆花是手工古早味，所以用濃、純、香來形容它再適合不過了！另外還具有清毒解熱的功效呢!,成立於民國88年，本著一步一腳印，用料實在來贏得在地人的讚賞，古早味與細膩的口感，堅持3大原則品質、衛生、不添加人工香料，以純手工製造。 修安豆花是手工古早味，所以用濃、純、香來形容它再適合不過了！另外還具有清毒解熱的功效呢!,週一~週日08:00~22:00,中西區,700 臺南市中西區 國華街三段157號,-2260189,,22.99725,120.19875,,飲料冰品,美食,2022/2/2 12:05
1088,zh-tw,麻豆阿樹碗粿,阿樹碗粿是麻豆地區最早的批發商，秉持著30多年三代家傳手藝的作法，延續祖父、伯父、父親三代傳承下來的好手藝，呈現出麻豆傳統味。純在來米製作，佐以特製滷汁醬料，口味獨特。 　　嚴選在來米磨成米漿，加上香噴噴的肉燥中藥浸滷的後腿豬肉片，再把水煮蛋化成一抹新月完成的Q潤碗粿，搭配上獨家熬煮沾醬，齒頰留香值得一嚐。冷冷吃特別有Q感，是爽口台式輕食。,"阿樹碗粿是麻豆地區最早的批發商，秉持著30多年三代家傳手藝的作法，延續祖父、伯父、父親三代傳承下來的好手藝，呈現出麻豆傳統味。純在來米製作，佐以特製滷汁醬料，口味獨特。 　　嚴選在來米磨成米漿，加上香噴噴的肉燥中藥浸滷的後腿豬肉片，再把水煮蛋化成一抹新月完成的Q潤碗粿，搭配上獨家熬煮沾醬，齒頰留香值得一嚐。冷冷吃特別有Q感，是爽口台式輕食。

除此之外，阿樹碗粿對外也積極參加各大展售活動，推廣自家特色，至今已成為來到台南麻豆非吃不可的在地小吃。嚴選新、舊在來米依一定比例混合磨成米漿，加入肉燥、中藥浸滷過的後腿豬肉片、水煮蛋，搭配獨家熬煮沾醬，入口Q中帶嫩，齒頰留香不油膩。
&nbsp;",週一~週日09:00-17:00,麻豆區,721 臺南市麻豆區小埤里苓子林1-10號,-5711018,,23.18321,120.23683,,,,2021/3/4 12:00
1090,zh-tw,辛村籽滷味,創業36年，由現任老板的母親所創立於臺南市南區，12年前遷移至安平現址繼續營業。本店滷味最大的特色是當天現做現賣，絕不隔夜，確保食材新鮮，不冷藏不冷凍不冰鎮。嚐過辛村籽滷味的鴨翅，您將會發現除了保有鴨翅本身的Q勁之外，表面上所存留的炭燻香純，是一般滷味無法媲美的。,創業36年，由現任老板的母親所創立於臺南市南區，12年前遷移至安平現址繼續營業。本店滷味最大的特色是當天現做現賣，絕不隔夜，確保食材新鮮，不冷藏不冷凍不冰鎮。 　　嚐過辛村籽滷味的鴨翅，您將會發現除了保有鴨翅本身的Q勁之外，表面上所存留的炭燻香純，是一般滷味無法媲美的。,週二~週日09:30–14:00，週一休息,安平區,708 臺南市安平區平生路38-1號,-2212461,-2265419,23.00064,120.16439,,中式美食、伴手好禮,美食,2022/12/1 15:25
1092,zh-tw,阿輝炒鱔魚,"老闆許全輝先生，得自父親喜宴辦桌的功力，因此對鱔魚的調理別有心得。再加上曾用心與各家名師切磋學習，其功力的深淺從絡繹不絕的顧客便可見一般。 
鱔魚意麵是台南特有名產。大火快炒後鱔魚的清脆爽口，加上台南的名產--意麵，以特別製作的精中寬麵條，經油炸處理製成再搭配獨特酸甜配料，烈火轟炒，轉眼間熱騰騰鱔魚意麵挑人食慾。",父親喜宴辦桌的功力，多年來已成為臺南當地最知名的小吃店之一，老店位在延平市場，鱔魚是臺灣南部的知名小吃，鱔魚都是當天處理，食材鮮度掛保證一口就吃的出來。乾炒鱔魚意麵:集合了酸、甜、鹹、辣、鮮於一碗的芡汁是用洋蔥、胡椒粉、純米醋、糖等熬煮製作，炒的時候配上南部特有的油炸意麵與蒜頭、高麗菜、洋蔥、青蔥大火轟炒，鱔魚吃起來口感脆脆的，與帶甜味的醬汁炒起來很對味。,週一~週日14:30–20:00,中西區,700 臺南市中西區西門路2段352號,-2214660,,22.99802,120.20042,,地方小吃、麵食醬料,美食,2022/2/2 12:01
1095,zh-tw,龍門客棧餐廳,創立於2003年，以七股特有農漁產品為特色料理，結合地方產業、推廣在地文化、傳統美食之發揚。,創立於2003年，以七股特有農漁產品為特色料理，結合地方產業、推廣在地文化、傳統美食之發揚，並與七股鹽山、潟湖、黑面琵鷺旅遊景點相輝映。 虱目魚背部魚鰭經泡漬白蔭醬油冰糖約一天，再經日曬半天後，可以燒烤或油炸。 　　產品純天然食材製作，未經其他化學添加物，保持魚肉鮮甜美味。,週一~週五10:00–02:30 週六~週日10:00–21:00,七股區,724 臺南市七股區中寮里8-41號,-7799778,,23.15679,120.11562,,中式美食,美食,2021/3/4 12:01
1096,zh-tw,日勿rhalife - 赤崁糖原糖概念館,赤崁糖另帶著一般黑糖所沒有的「龍眼碳焙香味」，100%甘蔗汁直煉，無添加、零加工未抽「糖蜜」之真黑糖，經檢驗含26種營養素，是最優質的「天然複合維生素」，為頂級廚師、烘焙師提味之「夢幻食材」。,1990年總監吳易隆傳承「孔明鼎」古法，創新改良種蔗方式，研發以海帶、蘿蔔葉等82種植物堆肥滋養甘蔗。2006年與嘉南大學食品科技系產學合作，研發保存黑糖「柵欄技術」。2008年以黑糖古名「赤崁糖」註冊為商標，經過近400年，終於能以臺灣自有黑糖品牌，引領世界性黑糖養生新風潮。,週一~週五10:00–19:00 週六~週日09:00–21:00,中西區,700 臺南市中西區永福路二段188號,-2229329,,22.99598,120.20211,,伴手好禮,美食,2021/3/4 12:02
1098,zh-tw,玉井區農會熱情小子芒果冰館,玉井農會致力推展芒果、水果產業，而擁有「芒果的故鄉」的美名-聞名中外，近年來為因應消費者多元化的需求，更以深耕研發在地口味的農產加工品且注入人文元素，希望以新風貌來展現農產品的多元化面向。「約定手禮」即是結合地方特色農產品-芒果干和情人果酸酸甜甜不同風味口感，以在地農村為故事背景，連結當地文化情感，希望能同時擄獲不同消費族群的心，並傳遞真、善、美的意念。,"玉井農會致力推展芒果、水果產業，而擁有「芒果的故鄉」的美名-聞名國內外，近年來為因應消費者多元化的需求，更以深耕研發在地口味的農產加工品且注入人文元素，希望以新風貌來展現農產品的多元化面向。 　　
「約定手禮」即是結合地方特色農產品-芒果干和情人果酸酸甜甜不同風味口感，以在地農村為故事背景，連結當地文化情感，希望能同時擄獲不同消費族群的心，並傳遞真、善、美的意念。",,玉井區,714 臺南市玉井區中正路139號,06-5748552,,23.12547,120.46214,,飲料冰品、伴手好禮、農產好物、柑仔店,美食,2021/3/4 12:00
1100,zh-tw,合進製麵場 （合進關廟麵 ）Hejin Guanmiao noodles,合進關廟麵顛覆傳統老舊型態，創立新的品牌印象提升產品價值，讓舊有的傳統古法能夠以新的氣象，繼續傳承下去。關廟麵不添加任何防腐劑，傳承古法使用太陽曬乾方式，讓麵條能永久保存，也讓麵條變得更香Q可口，即使現在多半用快速烘焙的機器那麼多，但能夠做出的天然香味，確是坊間不多見的獨特口味。,合進關廟麵顛覆傳統老舊型態，創立新的品牌印象提升產品價值，讓舊有的傳統古法能夠以新的氣象，繼續傳承下去。關廟麵不添加任何防腐劑，傳承古法使用太陽曬乾方式，讓麵條能永久保存，也讓麵條變得更香Q可口，即使現在多半用快速烘焙的機器那麼多，但能夠做出的天然香味，確是坊間不多見的獨特口味。,週一~週五08:00–17:30週六09:00–17:00，週日休息,關廟區,718 臺南市關廟區仁愛路583號,-5950231,,22.9668,120.33575,,地方小吃、麵食醬料、伴手好禮,美食,2021/3/4 12:02
1101,zh-tw,村家味米豆簽麵,傳統風味的米豆麵，幾乎已經要被眾多的新奇的食品淹沒在時代的洪流裡了，這懷念的古早味，一直深深烙印在記憶的味蕾裡，每當吃到一口口米豆麵，就像乘著時光機器快速回到過去，再次用味蕾的記憶與外婆溫暖的關懷緊緊相擁。,現在這傳統風味的米豆麵，幾乎已經要被眾多的新奇的食品淹沒在時代的洪流裡了，這懷念的古早味，一直深深烙印在記憶的味蕾裡，每當吃到一口口米豆麵，就像乘著時光機器快速回到過去，再次用味蕾的記憶與外婆溫暖的關懷緊緊相擁。 　　自創立起，產品研發皆堅持用料天然與保存傳統風味，致力在創新中尋求突破，堅持以「好產品，帶來好客戶」信念，將產品用心做到最好。,週一~週五09:00–17:30，週六~週日休息,東區,701 臺南市東區崇德六街47號,-2909081,,22.97578,120.2272,,,,2021/3/4 12:01
1102,zh-tw,蓮圃園蓮產品DIY觀光工廠,麵包店成立於民國61年，後有政策推展地方產業，一鄉一產業興起，白河蓮花節開辦，即配合所製蓮子加工產品為拌手禮達15年，種類達40餘項。由於工作場所及遊客參觀需求，92年成立蓮圃園農產加工廠，使遊客亦能參觀蓮子產品製作。民國99年政策提倡米食，本廠全方位再研發100%無麵粉製作烘焙米食，現成熟產品16種，包括米包(麵包)品質口感均勝先進國家，8月5日在農委會一樓大廳發表會，承農糧署、穀研所及各單位一致讚賞。,麵包店成立於民國61年，後有政策推展地方產業，一鄉一產業興起，白河蓮花節開辦，即配合所製蓮子加工產品為拌手禮達15年，種類達40餘項。 　　由於工作場所及遊客參觀需求，92年成立蓮圃園農產加工廠，使遊客亦能參觀蓮子產品製作。民國99年政策提倡米食，本廠全方位再研發100%無麵粉製作烘焙米食，現成熟產品16種，包括米包(麵包)品質口感均勝先進國家，8月5日在農委會一樓大廳發表會，承農糧署、穀研所及各單位一致讚賞。,週一~週日08:00~18:00,白河區,732 臺南市白河區河東里99-1號,-6840308,,23.34546,120.43384,,地方小吃、伴手好禮,美食,2021/3/4 12:02
1103,zh-tw,牧大畜牧場（瑞牧二場）,在臺南市的一個小村落─菁寮里，那兒正是「無米樂冠軍米」的故鄉，牧大畜牧場藉著如此純淨無污染的環境，以飼養中小雞為主，由於環境清潔，配合細心與愛心的飼養管理，育成的中雞整齊度與健康情況都相當不錯。為精益求精，更引進德國啄木鳥牌的全溫控空調雞舍，使得中雞品質更優質，而後飼養蛋雞自創品牌古早蛋、盤古蛋、白金靈芝蛋、皮蛋等系列產品。,在臺南市的一個小村落─菁寮里，那兒正是「無米樂冠軍米」的故鄉，牧大畜牧場藉著如此純淨無污染的環境，以飼養中小雞為主，由於環境清潔，配合細心與愛心的飼養管理，育成的中雞整齊度與健康情況都相當不錯。為精益求精，更引進德國啄木鳥牌的全溫控空調雞舍，使得中雞品質更優質，而後飼養蛋雞自創品牌古早蛋、盤古蛋、白金靈芝蛋、皮蛋等系列產品。,週一~週日08:00~17:00,後壁區,731 臺南市後壁區新嘉里1-30號,-6622888,,23.3689,120.30607,,地方小吃、伴手好禮,美食,2021/3/4 12:02
1106,zh-tw,東山產業生產合作社,精選東山頂級咖啡豆利用獨到的烘焙技術呈現出其獨特果香風味，微酸的口感在品嘗風味上更添加味覺上的層次變化。由其飲用完後利用杯子的杯子的餘溫可鮮明的帶出獨特果香味值得您留心玩味一番。東山地方產業正處於傳統農業轉型精緻休閒農業的重要時刻，初期需以合作社為主以帶頭的方式，塑造經營新的經濟模式及產業活動。透過有系統的教育訓練及輔導逐步引導在地產業轉型，已達創造更有利的經濟環境及模式。,精選東山頂級咖啡豆利用獨到的烘焙技術呈現出其獨特果香風味，微酸的口感在品嘗風味上更添加味覺上的層次變化。由其飲用完後利用杯子的杯子的餘溫可鮮明的帶出獨特果香味值得您留心玩味一番。 　　東山地方產業正處於傳統農業轉型精緻休閒農業的重要時刻，初期需以合作社為主以帶頭的方式，塑造經營新的經濟模式及產業活動。透過有系統的教育訓練及輔導逐步引導在地產業轉型，已達創造更有利的經濟環境及模式。,週一~週日09:00-18:00,東山區,733 臺南市東山區青山里青山37之1號,-6860157,,23.27973,120.46861,,伴手好禮,美食,2021/3/4 12:02
1107,zh-tw,芳榮米廠,無米樂栽培稻米的情感與香Q口感的好米責任，強調誠懇樸實【人文】才是品牌故事主角。無米樂社區是日本時代手工藺草編織袋產地的大本營，也是農村傳統婦女養家糊口重要來源之一，透過無米樂復古草編的包裝再利用，讓米有加分效果，並使產業與文化結合在一起，帶動社區觀光產業及經濟效益提昇，讓社區農民生命力再現。,"無米樂栽培稻米的情感與香Q口感的好米責任，強調誠懇樸實【人文】才是品牌故事主角。 　　無米樂區是日本時代手工藺草編織袋產地的大本營，也是農村傳統婦女養家糊口重要來源之一，透過無米樂復古草編的包裝再利用，讓米有加分效果，並使產業與文化結合在一起，帶動社區觀光產業及經濟效益提昇，讓社區農民生命力再現。
台南經典伴手禮：因為紀錄片「無米樂」而轟動全國的芳榮米廠，捧紅的不僅是片中古意的主角「崑濱伯」他種的「台農七十一號」益全香米，曾打敗池上米榮獲2006年全國冠軍米王。「復古草編單包裝」禮盒，是運用稻穀收穫後剩餘的稻草作為包裝材料，響應節能減碳的設計不僅創新還非常環保，頗具意義很適合當作伴手好禮！",週一~週六08:00–18:00，週日休息,後壁區,731 臺南市後壁區頂長里長短樹1號,-6621269,,23.36816,120.32964,,伴手好禮,美食,2021/3/4 12:02
1108,zh-tw,舊永瑞珍喜餅,舊永瑞珍餅舖專門製造傳統糕點及俗稱「大餅」的喜餅，門市至今仍維持經營之初的方式。訂製的業務較多，也有少許門市零售，每當過年過節或婚嫁喜慶日較多的月份，十位製餅師傅總要忙到三更半夜才能完工。訂製者需於十日前訂購。,約九十年前，日治時期，張炎在水仙宮市場旁開設舊永瑞珍製餅舖，二次大戰時毀於盟軍轟炸的戰火，戰後遷移到現址。第二代張再興，小學畢業就跟著父親學習做餅，六十年來秉持著傳承的敬業精神，不但穩固家業，奠定厚實的基礎，除了帶來財富，更成了府城傳統文化的代名詞。 　　第三代張瑞麟於五年前開始接手，張先生畢業於台大法律系，後往北京大學深造，取得博士學位後在中國大陸開設法律事務所，專做商業仲裁案件，卻因老父的期望，只好先放下事務所的業務，回鄉來接替家業。張先生仍希望弟弟或兒子能於往後幾年接手舊永瑞珍的家業，而自己仍能從事專長的法律事務。 百年老舖飄餅香：http://tncftmm.blogspot.com/2008/01/blog-post_9584.html 舊永瑞珍：http://www.libertytimes.com.tw/2003/new/sep/11/life/travel-3.htm 台南伴手禮‧舊永瑞珍喜餅：http://062223716.travel-web.com.tw/,週一~週日09:00–21:00,中西區,700 臺南市中西區永福路二段181號,-2222836,,22.99507,120.2015,,甜點糕餅、伴手好禮,美食,2022/2/2 12:04
1109,zh-tw,松稜.擔露駐在所,堅持古法製程，醇厚滷汁細火滷煮，再用紅糖煙燻增添香味，採用「真空充氮」包裝，保留食材鮮美原味，鹹中帶甜令人齒頰留香回味無窮。,松稜的四大堅持： 1. 運用新鮮上等原物料 ─ 決不妥協。 2. 堅持一慣傳統手法製作 ─ 程序確實。 3. 絕不添加人工調味料 ─ 天然健康。 4. 真空充氣保鮮包裝 ─ 新鮮可見。 松稜的用心經營： 1. 只為了讓客戶買得放心! 吃得健康美味又開心！ 2. 維持一貫的品質是我們不變的堅持。 3. 保持產品鮮度，當天製作當天新鮮包裝販售。 4. 使用傳統製法及運用現代化保鮮配送。 5. 擴充銷售通路，E化經營。 松稜糖燻滷味製作精神： ※ 嚴格選料 ※ 　　從選料開始即嚴格要求，松稜相信最美味的食品就要從選用原料時打好美味的基底，好的原物料是製作出美味滷味的第一道關卡，儘管成本較高，松稜仍然堅持選用最上等的原物料來製作。 ※ 陳年高湯 ※ 　　我們的滷味是用陳年醇厚的高湯，細火滷煮，將高湯中的肉汁精華慢慢熬入食材裡，煮後趁熱推入燻箱中，將紅糖倒入燒紅的鐵鍋產生濃郁的糖香，形成一種獨到的口感及香味。 ※ 傳統糖燻 ※ 　　一般我們在市面上吃到的煙燻食品，大都是西式的燻法，也就是利用木材燃燒產生煙霧及熱度來使其附著或熟成，所以在味道上會有些許的木材味道。而本公司產品乃是台灣傳統特有的煙燻 ─ 糖燻。 ※ 充氮保鮮 ※ 　　在包裝方面，因堅持不添加人工香料及防腐劑，所以特採用真空充氮包，來延長保存期限和保留食物鮮度不流失，無論冷吃熱食，皆可品嘗到不同風味與口感，當您放入口中品嘗時，鹹中帶甜的風味蔓延口中，齒頰留香，回味無窮。 ※ 產品特色 ※ 　　我們堅持每一個製作步驟都依循傳統製法，絕不加任何人工香料或添加物，更不任何防腐劑，我們要讓顧客安心吃到的每一口都是最天然的絕佳美味。 ※ 通路開發 ※ 　　為了替廣大的顧客服務，讓更多人可以品嘗到松稜糖燻滷味的美味，松稜糖燻滷味與各大網路購物通路合作，讓更多人知道松稜滷味，也提供更多更方便的銷售管道，讓親愛的顧客不用出門就可以吃到好吃松稜糖燻滷味。 相關網址:http://www.songling.com.tw,週一~週日11:00–20:00，週二休息,中西區,700 臺南市中西區民族路二段405號,-2231496,,22.99724,120.20092,,地方小吃、伴手好禮,美食,2021/11/29 14:59
1110,zh-tw,王家庄狀元粿,狀元粿是用白米製成，將米磨成漿，壓乾做成米粉，純手工做，用花生、芝麻放入木製倒鐘器具蒸出香氣的糕點。狀元粿熱食很軟香，冷後更加Q感。,「狀元粿」為台南早期傳統小吃，嚴選白米，將米磨成漿，壓乾做成米粉，純手工製作而成，用花生、芝麻放入木製倒鐘器具蒸出香氣的糕點，冷熱皆宜，狀元粿熱食很香軟，冷後更加Q感。,週一~週日13:30–18:30，週二~週三休息,中西區,700 臺南市中西區友愛街300號,-2232359,,22.99256,120.19459,,地方小吃、中式美食,美食,2021/3/4 12:00
1111,zh-tw,寶來香餅鋪,招裨香餅，俗稱「膨餅」，大小如肉包，表面平滑，黑糖色，上蓋有四角店印「寶來香」三字，是昔日府城坐婦女月子必備的點心補品。將麻油爆香放入香餅，香餅上戳一小洞打進一個蛋，煎熟後即可食用，據說有固腰催骨、收縮子宮等功效，是府城傳統的食療方式。另一著名產品為「蒜茸枝」，使用蒜泥加麵粉揉製，搓成麻花狀再油炸，後再裹上糖粉漿待涼即成。因狀似鹿茸，故名「蒜茸枝」，其特色為脆、香、甜，是寶來香餅舖銷量最多的零嘴點心，其他還有烏豆沙，綠豆椪、肉餅等傳統糕餅也很特色。逛水仙宮市場時，別忘了來嚐一嚐。,第一代王文榮從家鄉福州來台後，落腳定居在府城五條港，最初在海安路沙卡里巴斜對面的品來芳餅舖當師傅，娶妻後租屋於水仙宮廟旁，即今寶來香店舖處，後水仙宮漸成市集，王文榮遂在租屋處開店設舖至今。 　　王文榮的手藝習自家鄉福州，開店後為有別於品來芳，又融合台灣味，創作出屬於寶來香的獨特品牌，營造出「寶來香」的口碑。第二代王燦輝十四歲時即跟隨父親習藝，承襲父業至今，目前最小的弟弟王清源也在店裡幫忙，寶來香在水仙宮市場已營業六十餘年，一直深受府城老顧客喜愛，老台南人都知道水仙宮市場內的有一家古早味的糕餅舖「寶來香」。 寶來香：http://tw.lifestyle.yahoo.com/biz.html?bizid=1a6e3c38704f58a6 嚇酷．美食網：http://www.06090385.shopcool.com.tw/ 傳承： 創辦人：王文榮 第一代　王文榮 第二代　王燦輝、王清源 沿革： 　　招裨香餅，俗稱「膨餅」，大小如肉包，表面平滑，黑糖色，上蓋有四角店印「寶來香」三字，是昔日府城坐婦女月子必備的點心補品。將麻油爆香放入香餅，香餅上戳一小洞打進一個蛋，煎熟後即可食用，據說有固腰催骨、收縮子宮等功效，是府城傳統的食療方式。另一著名產品為「蒜茸枝」，使用蒜泥加麵粉揉製，搓成麻花狀再油炸，後再裹上糖粉漿待涼即成。因狀似鹿茸，故名「蒜茸枝」，其特色為脆、香、甜，是寶來香餅舖銷量最多的零嘴點心，其他還有烏豆沙，綠豆椪、肉餅等傳統糕餅也很特色。逛水仙宮市場時，別忘了來嚐一嚐。,週二~週日08:00–16:00，週一休息,中西區,700 臺南市中西區神農街8號,-2276006,,22.99691,120.19819,,甜點糕餅、伴手好禮,美食,2021/3/4 12:00
1112,zh-tw,江水號,,"日治時期，日人開闢西市場後面空地做為露店，以增加市民夏天夜晚的休閒，也促進銀座（中正路）的商機，露店多為台灣人開設的點心攤，今日台南近百年的著名點心店，很多都發基於此，江水號也是。 　　

當時，西市場前的淺草商店街有各式各樣的商店、遊戲間，附近還有戲院、劇院等，第一代黃江水在此設甜點、冰品攤，非常適合台南炎熱的夏天，再加上口味獨特，非常受遊客的青睞。戰後，中正路更是台南的商業中心，沙卡里巴早已聞名全台，就連曾住過台南的日本客人，每回台灣，一定要回台南重享往日的難忘滋味。至今二、三代仍於此營業，秉持傳統的工法，傳承美味的飲食，台南人真的很幸福。

江水號：http://bbs.djorz.com/read-orz-tid-33019-wd-1280.html
台南江水號：http://www.ck101.com/forums/archiver/tid-1198570.html
台南江水號：http://tw.myblog.yahoo.com/yuanpao-blog/article?mid=87&amp;prev=88&amp;next=86&amp;l=f&amp;fid=9
傳承： 創辦人：黃江水 第一代　黃江水 第二代　黃火木 第三代　黃東堯
特色：
八寶冰，所有材料都煮得軟硬適中，尤其湯圓Ｑ到讓人驚訝，其他還有紅豆圓仔湯、米糕粥、花生湯，不論冷熱都有其獨特的滋味。
來江水號吃過冰品，就會知道，為什麼到現在他們還堅持用手工做料，雖然無法大量生產，也無法創造大財富，但他們所得到的讚譽，使江水號代代甘之如飴。

&nbsp;",週一~週日 12:00–21:00，週二休息 ,中西區,700 臺南市中西區國華街三段27號,-2257614,,22.9941674,120.1976006,,,,2022/11/30 12:00
1113,zh-tw,莉莉水果店,莉莉水果店陪伴台南人走過逾半世紀，李先生積極分享及健康愉快的經營方式是其特色，使台南的觀光旅遊多了一處景點。,莉莉水果店創始人李澤先生，於日治時期在府前路南門市場內經營蔬果攤，戰後民國三十五年，召集同業成立南台物產股份有限公司，其前身為台灣青果株式會社台南支店，為創會董事。因採購方便，遂於府前路住家開設水果店兼擺麵攤經營，當時長女在美軍俱樂部服務，美軍總以小名「莉莉」暱稱，「莉莉水果店」就是這樣命名的。 　　因莉莉在美軍俱樂部上班之便，購得一台美製的果汁機，新鮮果汁初上市也是本店的創舉。水果店附近有很多機關單位，應單身漢上班族的要求，將麵攤轉型為月結包飯，形成當時台南最早的自助餐店，中、晚二餐當時的收費是240元，三餐為300元，每日食客越百人，相當熱鬧。 　　民國四十六年，將竹木屋舊店改建為二樓三成為今貌，正式申請執照掛上招牌。李澤先生常在南台的批發市場，店務大都由太太及兒女們共同照料，長子李悉木退伍成家後接管店務，前後約三十年，以貨真價實的經營原則，奠定了良好的基礎。尤其每年的中秋節，代客包辦寄送服務送禮的麻豆文旦、白柚，至今已四十年，亦是莉莉的特色之一。 　　民國八十一年，李悉木因健康情況不佳退休，由五男李文雄夫婦接掌店務。李文雄原本在南台批發市場做承銷商，繼承莉莉後，更積極經營管理，時時刻刻希望民眾認識水果的特色，吃出健康、美麗幸福的人生，並熱心參與同業間的聯誼活動，擔任過台南市青果商業同業公會第六、七屆的理事長。 　　民國八十八年，李先生本著回饋鄉親的熱忱，製作「莉莉水果有約」摺頁月刊，內容有認識水果、老照片的故事、看見與分享、台灣俗語、府城藝文活動等，非常精彩，每期印行二千份供民眾免費索閱，發行後受到民眾熱烈迴響，發行量亦增加至四千份。民國九十年，增設網站提供資訊給電腦族群，包括府城一週水果動態、府城小紀事、府城溫馨小故事等，期望能與府城民眾的互動更為密切。 莉莉水果店：http://blog.yam.com/ir123456789/article/17528300 莉莉水果店：http://besschuang.pixnet.net/blog/post/7120756 傳承： 創辦人：李澤 第一代　李澤（父） 第二代　李悉木（兄）、第三代　李文雄（弟） 特色： 　　莉莉水果店陪伴台南人走過逾半世紀，李先生積極分享及健康愉快的經營方式是其特色，使台南的觀光旅遊多了一處景點。 店家網址：http://www.lilyfruit.com.tw/lili_about.php,週二~週日11:00–22:30，週一休息,中西區,700 臺南市中西區府前路一段199號,-2136642,,22.98905,120.20409,,飲料冰品,美食,2022/2/2 12:05
1114,zh-tw,阿憨鹹粥,鹹粥，在台南市是相當普遍的小吃，也是相當傳統的早餐種類之一。保留傳統福建漳泉二州的半粥料理方式，「阿憨鹹粥」傳承了使人能感受到的濃郁鄉土氣息，讓鹹粥重現古意風情。由鄭極老先生親手草創的「阿憨鹹粥」，秉持誠實憨厚的敬業精神，從民族路的石精臼時期開始，到現今搬遷到公園南路，已經成為許多饕客口中稱讚的美食老店。一碗鹹粥，配上一根油條；這是最傳統，也是最正統的鹹粥吃法。,第一代創辦人鄭極，祖籍泉州，於民國三十五年在石樁臼廣安宮前設攤賣粥，以南台灣特產虱目魚為主，做成泉州式的半粥料理，因湯頭鮮美，入口即化，又因其乳名「阿憨」而揚名府城。 　　在台灣，南、北吃粥大不同，南部人喜歡以海產入味，做成飯湯；北部則大多是廣式的肉粥品。那什麼是泉州式的半粥料理呢？第二代負責人張森雄先生說，所謂的半粥就是把飯煮硬一點，再加到湯裡煮，吸取湯頭入味，但仍帶有飯粒口感的一種粥式料理，不像飯湯的湯、飯分明，也不是糊糊的粥狀。在台南還有一家小西腳的阿堂鹹粥也是這種作法，但阿堂是以土魠魚於為主。 　　廣安宮前的石樁臼曾經是台南有名的點心集結地點，十年前，因為廣安宮指定為古蹟需要整修，而拆了前面的點心攤，一時之間阿憨鹹粥、米糕店、羊肉店、排骨酥店等，不是停業，就是像阿憨鹹粥一樣，擇地另起爐灶。二年前，因為廣安宮整修遙遙無期，石樁臼又搭建成點心市集。 　　阿憨鹹粥後來遷移到公園南路現址，現在由第二代張森雄先生，也就是「阿憨」的女婿負責，接管後，他希望阿憨鹹粥除了口味好以外，也要讓客人吃的安心，而且不必再排隊。目前除了現場用餐外，還有其他虱目魚的伴手禮販賣，提昇為企業的形象。 [覓食府城] 鹹粥篇 -- 阿憨鹹粥 ：http://lost-isle.blogspot.com/2006/06/blog-post_18.html ★阿憨鹹粥：http://blog.xuite.net/maverick007/01/76247 阿憨鹹粥：http://tw.myblog.yahoo.com/yuanpao-blog/article?mid=49&amp;prev=53&amp;l=f&amp;fid=9 阿憨鹹粥：http://blog.sina.com.tw/shane/article.php?pbgid=5523&amp;entryid=577953 傳承： 創辦人：鄭極 第一代　鄭極 第二代　張森雄 特色： 　　阿憨嚴選的食材，西螺米，外海區無污染海域的新鮮牡蠣，零污染溫室香菜，一斤上百元台灣的大蒜，一斤至一斤半的成魚，而且一定要用鹹水虱目魚才不會有土味。頭家用心，吃的放心。,週一~週日06:20~22:00,北區,704 臺南市北區公園南路169號,-2217819,,23.00158,120.2063,,中式美食,美食,2022/2/2 12:03
1115,zh-tw,福榮小吃店,採用無添加物特高級麵粉，口感比一般麵條還要有嚼勁，篩選所有食材，有問題的絕對不用，特別是醋，只用玻璃瓶裝的王印烏醋，湯頭清澈不混濁，加上特製的肉燥，再來一碗大餛飩湯，配著滷蛋，就是福榮小吃店就美味的享受。,大正十二年，第一代葉蟳先生於西市場後的露店開設飯桌，後改賣意麵。第二代葉壬癸先生於二年後開始幫忙經營，他們的意麵是油炸後的熟麵，與一般的生麵不同，燙軟後加上肉燥即可食用，雖然前置作業較費時，但相對的減少煮麵的時間，客人不必久等，而且油炸後的意麵有一股特別的酥香味。 　　第三代傳人葉瑞榮先生於民國五十九年繼承麵攤，原本不想承接賣麵的生意，但在此地營業已久，左鄰右舍都是熟人，也不捨開了幾十年的生意就此收掉，更何況不能辜負老顧客的期待，於是毅然挑起擔子，認真的做買賣。 　　第四代葉南廷，國小五年級就開始在店裡幫忙，對意麵生意不但有興趣，還有自己的經營想法，葉瑞榮先生說，他終於也有傳人，可以早點退休了。 福榮小吃店：http://map.tncg.gov.tw/store.aspx?id=1000 傳承： 創辦人：葉蟳 第一代　葉蟳 第二代　葉壬癸 第三代　葉瑞榮 第四代　葉南廷 特色： 　　採用無添加物特高級麵粉，口感比一般麵條還要有嚼勁，篩選所有食材，有問題的絕對不用，特別是醋，只用玻璃瓶裝的王印烏醋，湯頭清澈不混濁，加上特製的肉燥，再來一碗大餛飩湯，配著滷蛋，就是福榮小吃店就美味的享受。,週一~週日08:00~21:00,中西區,700 臺南市中西區國華街三段16巷25號,-2211925,,22.99335,120.19787,,地方小吃、麵食醬料,美食,2022/2/2 12:04
1116,zh-tw,赤崁棺材板,日昭和十年（1935），創辦人許六一先生於盛場（沙加里巴）開設點心攤，當時賣的點心種類有日式、洋式及台式。戰後，偶有朋有來店，指名要吃不同口味的點心，許先生靈機一動，採西式油炸麵包酥盒的作法，以雞肝、花枝及蔬菜調味勾芡後，加入掏空的酥盒內，做成的「雞肝板」待客，朋友於掀開酥盒蓋時，取笑說好像「棺材板」，最後把玩笑話認真思考，覺得「棺材板」是個不錯的點子，於是在民國四十八年正式掛出「棺材板」的招牌，沒想到大受歡迎。,日昭和十年（1935），創辦人許六一先生於盛場（沙加里巴）開設點心攤，當時賣的點心種類有日式、洋式及台式。戰後，偶有朋有來店，指名要吃不同口味的點心，許先生靈機一動，採西式油炸麵包酥盒的作法，以雞肝、花枝及蔬菜調味勾芡後，加入掏空的酥盒內，做成的「雞肝板」待客，朋友於掀開酥盒蓋時，取笑說好像「棺材板」，最後把玩笑話認真思考，覺得「棺材板」是個不錯的點子，於是在民國四十八年正式掛出「棺材板」的招牌，沒想到大受歡迎。 　　目前點心店是由第二代許宗哲和太太許邵油理執掌，第三代許永安負責規劃行銷，並配合市政府衛生局的優良商店輔導，是台南市的模範點心店。 　　在此特別一提，二代許太太，邵油理說她的名字因該是「百合」，日語發因為「??（yu-ri）」，國民政府來台後，做戶口整頓時戶政人員不明其原因，擅自寫成「油理」，讓她難過至今，希望此後來台南光臨赤嵌點心店的朋友，看見老闆娘時能叫她一聲「??（yu-ri）」阿姨，相信你會享用到從心靈散發出來的美味好點心。 赤崁棺材板 ：http://www.taiwanesefood.com.tw/chinesefood/?cat=9&amp;paged=2 傳承： 創辦人：許六一 第一代　許六一 第二代　許宗哲 第三代　許永安 特色： 　　全台「棺材板」的創始店。,週一~週日11:00~21:00,中西區,700 臺南市中西區中正路康樂市場180號攤位,-2239134,,22.99242,120.19607,,地方小吃、中式美食,美食,2022/2/2 12:03
1117,zh-tw,鄭記𩵚魠魚羹,台南人的傳統飲食承襲福州口味較多，料理種類大多是湯湯水水，如牛、羊肉湯、鹹粥、粳類等，口味喜歡帶酸甜，土魠魚粳的特色也是如此，在南台灣暑熱的天氣裡，這一類小吃特別開胃。土魠魚先醃漬過在裹粉炸到香酥脆，淋上酸甜的粳後風味絕佳，土魠魚現用現炸，特別新鮮美味，現在還有低溫宅配服務，外縣市的朋友可以打電話詢問。,"第一代鄭忠枝約於淺草商店街後的露店完成時，即進駐開店，當時露店的點心攤有賣意麵、牛肉湯、羊肉湯、芋粿、肉圓、甜點等等，鄭家賣的是土魠魚粳。台南人的傳統飲食承襲福州口味較多，料理種類大多是湯湯水水，如牛、羊肉湯、鹹粥、粳類等，口味喜歡帶酸甜，土魠魚粳的特色也是如此，在南台灣暑熱的天氣裡，這一類小吃特別開胃。 　　

鄭忠枝生有五男五女，他將大菜市的店交給大兒子，也就是第二代鄭金龍，之後又幫其他的兒子到別處開新店面，在台南還有國華街的鄭記，以及海安路鄭記，都傳承鄭忠枝的手藝，鄭記土魠魚粳就是特別好吃。 　　

鄭金龍於青少年時即跟隨父親習藝，根基扎實，父親才放心將老店面交給他，目前由第三代兄弟掌理店務，弟弟鄭俊賢較早入店幫忙，哥哥鄭宇欽退伍後也隨即加入行列。一般油湯店算是武行，店家看起來大多精明幹練，鄭家兄弟卻相當斯文，看起來不像油湯店的老闆，但料理功夫可不馬虎，一樣做出鄭記的標準口味，現在還有低溫宅配服務，外縣市的朋友可以打電話詢問。
綜E百匯 : 美味土魠魚羹　
台南道地小吃：http://enews.ccu.edu.tw/modules/news/article.php?storyid=1151
台南－鄭記土魠魚羹：http://iamvicky.pixnet.net/blog/post/21694590
鄭記土魠魚羹：http://ck101.com/forums/archiver/tid-1201025.html

傳承：
創辦人：鄭忠枝 第一代　鄭忠枝 第二代　鄭金龍 第三代　鄭宇欽、鄭俊賢

特色： 　　
土魠魚先醃漬過在裹粉炸到香酥脆，淋上酸甜的粳後風味絕佳，土魠魚現用現炸，特別新鮮美味。",週一~週日08:00~20:00,中西區,700 臺南市中西區國華街三段16巷3號,-2239446,,22.99339,120.19756,,地方小吃、中式美食,美食,2022/2/2 12:03
1118,zh-tw,榮盛米糕,據郭家人說，阿公的手藝是從親戚那裡學來的，不管當初從何而起，現在榮盛米糕已經變成家傳手藝了。郭老得先生有著傳統台灣人的性格，非常講究原料和製作過程，例如醬油一定要用最好的，香菇選用台灣貨，糯米也挑選上好的糯米為主。由於糯米不容易煮爛，所以蒸煮糯米前要先浸泡二個小時，且蒸的時間和火候也要特別注意，否則會失去糯米的香Q原味，米糕的配料都是採用自製的肉燥、魚鬆、蔥、蒜等，吃起來口感香Q不油膩。位於原沙卡里巴地點，戰後國民政府才規劃成康樂市場，讓小吃攤設定點經營，見證了歷史變遷，口味傳統，是老台南人的最愛。,"西元一九三三年五月，日本人為了促進銀座新市街的熱鬧商況，除了在西市場旁建構淺草商場外，還於當時的世界館，即後來的全成戲院後面，搭建日後聞名全台的盛場，沙卡里巴。第一代郭老得先生於昭和十一年（1936）進駐設攤賣米糕，至今已傳三代，歷經七十二年，一碗米糕能賣這麼久，到底是什麼碗糕哩！ 　　據郭家人說，阿公的手藝是從親戚那裡學來的，不管當初從何而起，現在榮盛米糕已經變成家傳手藝了。郭老得先生有著傳統台灣人的性格，非常講究原料和製作過程，例如醬油一定要用最好的，香菇選用台灣貨，糯米也挑選上好的糯米為主。由於糯米不容易煮爛，所以蒸煮糯米前要先浸泡二個小時，且蒸的時間和火候也要特別注意，否則會失去糯米的香Q原味，米糕的配料都是採用自製的肉燥、魚鬆、蔥、蒜等，吃起來口感香Q不油膩。 　　第二代郭天順於民國五十年加入經營行列，民國六十年郭天恩退伍後業進入店裡協助幫忙，郭老得於民國八十五年才正式退休。第三代郭漢文先生也開始進入培育階段。為能使米糕的事業企業化，四年前開始研發供應冷凍米糕，透過低溫宅便送到顧客家中，外縣市的朋友可以多加利用。 隱身台灣小吃發源地　從日治時代開始的榮盛米糕：http://7003.travel-web.com.tw/ 榮勝米糕：http://blog.pylin.org/2008/05/02/833 榮盛米糕 國宴級口味：http://www.epochtimes.com/b5/6/8/27/n1434853.htm 榮盛點心：http://map.tncg.gov.tw/store.aspx?id=1068 傳承： 創辦人：郭老得 第一代郭老得 第二代郭天順、郭天恩 第三代郭漢文 特色：位於原沙卡里巴地點，戰後國民政府才規劃成康樂市場，讓小吃攤設定點經營，見證了歷史變遷，口味傳統，是老台南人的最愛。
&nbsp;",週一~週日10:30–18:00,中西區,700 臺南市中西區友愛街康樂市場106號,-2208665,,22.99151,120.19947,,麵食醬料、中式美食,美食,2021/3/4 12:00
1119,zh-tw,第三代虱目魚丸,自打魚漿自製純正虱目魚丸、蝦丸、肉丸等，搭配魚肚、魚皮及特製粉蒸、燕餃等、脫腸(豬小腸製)、肉燥飯及各式魯味。傳承至今已第三代經營，魚漿新鮮、自然魚丸新鮮、口味道地，所用湯頭乃魚骨、大骨及蔬菜慢火熬6小時以上，不加味精，新鮮甘甜，是給全家人好吃、健康的最佳選擇。,台南是虱目魚的故鄉，傳說「虱目魚」是因為國姓爺鄭成功問里人「啥麼魚？」，里人因緊張，頻頻答道「啥麼魚！啥麼魚！」，後訛傳為「虱目魚」。安平文教基金會董事長何世忠，最近有新解，因為鄭成功的出生地，日本平戶也有產類似的魚，稱為「??（sa-ba）」，鄭成功在安平初見此魚，驚喜連連直呼，往後里人便將此魚命名為「虱目魚」，又稱「國姓魚」。不管如何，虱目魚料理都是台南的餐飲特色，早、中、晚餐都吃得到。 永記虱目魚丸：http://blog.yam.com/ir123456789/article/17482323 傳承： 創辦人：劉甘委 第一代　劉清泉 第二代　劉甘委 第三代　劉秀珠（妹妹）、永記劉永順（哥哥）、阿忠魚丸湯（姐姐） 沿革： 　　第一代阿公劉清泉，本來是炸油條在賣，但油條只賣早上，下午閒著也不是辦法，就以虱目魚做成魚丸，挑著扁擔到處叫賣魚丸湯，熱熱的鮮湯，可口的丸子很適合晚餐前解解饞。到了第二代劉甘委時，丸子種類多了，虱目魚的其他部位也都做成湯料，一點也不浪費。劉甘委起先以流動攤子叫賣，定點後，以湯杓敲擊湯碗，熟客聽到鐵碗的響聲就會來買，許多老台南人應該還記得。 　　劉甘委退休後，兒女也都自立在外開業，府前路一段的「第三代虱目魚丸」是女兒劉秀珠及夫婿所開設，開山路「永記虱目魚丸」則是兒子劉永順的店，還有一家在東門路一段156巷內「阿忠魚丸湯」也是女兒及夫婿所開設，傳承的手藝一致，各有其特色。台南的魚丸湯店很多，因為台南人愛喝湯，但是只用虱目魚做成丸料的湯店只有劉家，有低溫宅配服務，敬請多加利用。 特色： 　　湯料種類很多，皆以新鮮虱目魚漿為底，有脆丸、蝦丸和肉丸，還有虱目魚皮、燕餃、脆腸等，其特色是將虱目魚丸做成菱角狀，湯頭則以大骨及虱目魚骨、魚脊肉熬製而成，因工料費時費力，所以價位不低，但在台南可說司空見慣，外縣市朋友請不要覺得不可思議。,週一~週日06:00–14:00,中西區,700 臺南市中西區府前路一段210號,-2208659,,22.98913,120.20506,,地方小吃、中式美食,美食,2022/2/2 12:03
1121,zh-tw,甘本堂蛋糕烘焙坊,第一代陳清吉先生於日治時期，在現忠義國小對面牧場販售牛奶，第二代陳本長先生，也就是甘本堂創辦人，與日本師傅田甘秀一在台南打石街（今民生路一段）開設日式和?子店，以兩人的名字取其一，命名為「甘本堂」。第三代，次子陳茂雄先生繼承，將甘本堂轉型為西點麵包店。民國九十五年再傳第四代陳奕彰與媳婦謝依倫女士繼續經營，陳奕彰先生亦曾到日本學習製作和子技術，接承父業之前曾任職於台北多家五星級飯店，可說是匯集台日今昔的各項手藝於一身，接手甘本堂以來，除了致力維持傳統口味外，也不斷的開發新產品，為了因應時代潮流，讓老店走出新,第一代陳清吉先生於日治時期，在現忠義國小對面牧場販售牛奶，第二代陳本長先生，也就是甘本堂創辦人，與日本師傅田甘秀一在台南打石街（今民生路一段）開設日式和?子店，以兩人的名字取其一，命名為「甘本堂」。之後日本戰敗，甘本堂由陳本長先生獨力撐起，民國六十四年由第三代，次子陳茂雄先生繼承，將甘本堂轉型為西點麵包店，民國九十五年再傳第四代陳奕彰與媳婦謝依倫女士繼續經營，至今已有八十八年歷史。 　　陳奕彰先生亦曾到日本學習製作和?子技術，接承父業之前曾任職於台北多家五星級飯店，可說是匯集台日今昔的各項手藝於一身，接手甘本堂以來，除了致力維持傳統口味外，也不斷的開發新產品，為了因應時代潮流，讓老店走出新風貌，重新裝潢店面、設計包裝，使甘本堂在台南的西點麵包店別具一格。 甘本堂蛋糕烘焙坊：http://map.tncg.gov.tw/store.aspx?id=1088 傳承： 創辦人：陳本長 第一代　陳清吉 第二代　陳本長 第三代　陳茂雄 第四代　陳奕彰,"""週一~週六09:00–21:30 週日10:00–19:00""",中西區,700 臺南市中西區民生路一段35號,-2232752,,22.99303,120.2037,,甜點糕餅、飲料冰品,美食,2021/3/4 12:00
1122,zh-tw,莊子土豆仁湯,賣土豆仁湯ㄟ」的店址總共移了四次，現在位於民生路、海安路口轉角處，自從海安路開通後，商機越來越好，外地來客卻常常找不到「賣土豆仁湯ㄟ」在那裡？於是第三代莊世滄因應客人要求，給店裡取個名字「莊子」，順便把店面重新裝潢整理，把阿公的相片也掛上去當招牌。期望大家路過時能耳目一新。,台南早期路邊攤和流動攤販很多，更早以前，在晚清時期甚至有挑扁擔沿街叫賣的擔子，所以台語說的「擔仔」、「路邊擔仔」，是指挑擔沿街叫賣的擔子。早期「擔仔」都沒字號，大概以人的特徵或所賣的物品取名，例如「擔仔麵」、「豆花擔」、「賣魚丸湯ㄟ」、「阿憨鹹粥」等等。漸漸的，這些行業也因世代傳承有了新局面，子孫開店設舖取名字，但大多沒忘記由何而來，台南因為有這些傳統而可愛。 這家店其實已經開了非常久了..不過最近老店新開..：http://www.mobile01.com/waypointdetail.php?id=3378 台南‧莊子土豆仁湯：http://www.ck101.com/forums/archiver/tid-1198570.html 傳承： 創辦人：莊清 第一代　莊清 第二代　莊文彬 第三代　莊世滄 沿革： 　　第一代莊清，於民國三十五年開辦時也沒取店號，顧客都稱他「賣土豆仁湯ㄟ」，第二代莊文彬，國中一年級就開始學煮土豆仁湯。花生從來都不是便宜的五穀雜糧，尤其近幾年台灣物資高漲，但店家仍堅持用台灣土產的花生，老闆娘說，台灣農業技術發達，農產品質水準高，除非不夠用，否則根本不必進口，進口那有好貨色，都是「人揀剩」的。因為原料物一直不降價，最近可能考慮調漲單價。 　　「賣土豆仁湯ㄟ」的店址總共移了四次，現在位於民生路、海安路口轉角處，自從海安路開通後，商機越來越好，外地來客卻常常找不到「賣土豆仁湯ㄟ」在那裡？於是第三代莊世滄因應客人要求，給店裡取個名字「莊子」，順便把店面重新裝潢整理，把阿公的相片也掛上去當招牌。期望大家路過時能耳目一新。 特色： 　　店家雖然常搬家，但總沒離開海安路附近，海安路近十年的工程，很多商家都是受害者，也算是海安路變遷的見證者之一。另外，煮五穀類的甜湯過程繁複，不易學習，後代人願意傳承，是台南文化的幸事。,週二~週日14:00–22:00，周一休息,中西區,700 臺南市中西區民生路二段86號,-2217649,,22.9954,120.19681,,飲料冰品,美食,2022/2/2 12:02
1123,zh-tw,美勝珍蜜餞,採用台灣新鮮水果自製的蜜餞，種類繁多，價格公道，品質衛生保證，當年的「檨仔乾」，今改為大家比較熟悉的「芒果乾」，口味多種，歡迎比較。,第一代創辦人蔡石頭，原做鮮果買賣生意，後為因應時代潮流轉變，拓展兼做果汁飲料及蜜餞等食品，於民國三十七年，在中正路與國華街交叉口開設「美勝珍蜜果行」，當年蜜餞釀製的「楊桃湯」更是許多老台南的懷念口味。 　　民國六十八年，由第二代蔡裕村承續經營，由於進出口解令，大興流行舶來品，尤其友愛街一帶更是舶來貨精品店專區，蔡裕村當時也引進國外各類加工食品及罐頭，並研發出酸甜香醇的「檨仔乾」，在台南蔚為風潮。 　　民國八十四年，國華街因道路計劃拓寬，店面慘遭縮減，但「美勝珍蜜」素以「價錢公道，誠信至上」的傳統原則服務顧客，至今仍迄立於原址，歡迎舊雨新知來台南時順道探訪。 傳承： 創辦人：蔡石頭 第一代　蔡石頭 第二代　蔡裕村 第三代　蔡博斌 沿革： 　　採用台灣新鮮水果自製的蜜餞，種類繁多，價格公道，品質衛生保證，當年的「檨仔乾」，今改為大家比較熟悉的「芒果乾」，口味多種，歡迎比較。,週一~週日11:00–23:00,中西區,700 臺南市中西區中正路235號,-2224738,,22.99288,120.1974,,甜點糕餅、伴手好禮,美食,2021/3/4 12:00
1124,zh-tw,萬川號餅舖,萬川肉包、水晶餃遠近馳名。鮮肉包精選當日上選豬肉，以天然佐料入味，肉質鮮甜，皮薄綿細富彈性，口感清爽不油膩，水晶餃以番薯粉特調而成Q軟細緻外皮，配上獨特內餡與清甜豆仔薯，更是絕妙組合，色香味具全。其它傳統糕餅產品口感細緻、獨特，吃過的顧客都讚不絕口，是台南府城出名的伴手禮。,萬川號創立於清同治十年（1871），其先祖由從福建渡海移民來台，曾祖父陳源本來和兄弟合力經營萬順餅店，後來兄弟分家，陳源獨自在四嫂巷口賣包子、水晶餃，稍有積蓄後買下現址開店，取名「萬川」，川則取自順的一邊，表示兄弟正式分家自立。 　　第一代創辦人陳源先生，刻苦經營創下績業，傳第二代陳根旺，太平洋戰爭，店面遭盟軍轟炸燒毀，重新整修後持續經營至今。戰後交給第三代陳建成，130多年來，秉持用新鮮、高級、天然的材料，堅持傳統手工製作與百年的獨門技藝，專門製作漢式與台式糕餅點心，著名產品有肉包、水晶餃、古月餅、香餅、口酥餅、花瓶餅、涼糕、綠豆糕、鳳片糕等。今已由第四代陳冠州、陳冠能兄弟負責，兄弟分別畢業於逢甲、東海大學，以企業化管理經營，合力將百餘年老字號發揚光大。 萬川號簡介：http://map.tncg.gov.tw/store.aspx?id=1028 萬川號：http://www.ptt.cc/man/Food/DA58/D917/D236/M.1188361882.A.35D.html 萬川號：http://www.libertytimes.com.tw/2003/new/sep/11/life/travel-3.htm 〈拜訪老鋪子〉文．攝影◎林若凡：http://www.libertytimes.com.tw/2003/new/feb/28/life/fashion-2.htm 萬川號肉包、水晶餃麵皮純手工製　胛心肉滿口欲：http://www.newtaiwan.com.tw/bulletinview.jsp?bulletinid=23576 萬川號：http://www.taiwanesefood.com.tw/chinesefood/?cat=9 萬川號卅黑貓探險隊：http://gofuntaiwan.net/columnpage/specol/store/TZ-Wan.asp 傳承： 創辦人：陳源 第一代　陳源 第二代　陳根旺 第三代　陳建成 第四代　陳冠州、陳冠能 特色： 　　萬川肉包、水晶餃遠近馳名。鮮肉包精選當日上選豬肉，以天然佐料入味，肉質鮮甜，皮薄綿細富彈性，口感清爽不油膩，水晶餃以番薯粉特調而成Q軟細緻外皮，配上獨特內餡與清甜豆仔薯，更是絕妙組合，色香味具全。其它傳統糕餅產品口感細緻、獨特，吃過的顧客都讚不絕口，是台南府城出名的伴手禮。,週二~週日08:00~22:00，周一休息,中西區,700 臺南市中西區民權路一段205號,-2222354,,22.99202,120.20766,,甜點糕餅、伴手好禮,美食,2022/2/2 12:02
1125,zh-tw,祿記包子,"本店歷史已有130年之久，老闆從14歲就開始每天半夜2點左右就起床做包子，現在已經是65歲的年紀了，他說過幾年後就會傳承給女兒繼續做。主要是賣饅頭、包子、水晶餃。
","「祿記」是清末府城專門製作包子、壽桃的老店，台南人習慣以「包仔祿」稱呼，石家本籍福州，先祖在福州經營包子、水晶餃等點心店。第一代創辦人石德祿渡海來台落腳定居府城，在水流觀音街清水寺附近以老家傳承的手藝開設包子店，至今已傳三代。一百多年來，店面由木造、磚造變成現在的透天厝，工具由早期的竹籠改成現在的蒸氣爐，唯一不變的是吸引全台灣人的傳統口味。 〈拜訪老鋪子〉文．攝影◎林若凡：http://www.libertytimes.com.tw/2003/new/feb/28/life/fashion-2.htm 包仔祿：http://qk.gokimo.com/gViewpost.php?post_id=2711&amp;pt=1154482924 祿記包子（包子祿）：http://blog.xuite.net/maverick007/01/76247 台南小吃之一--包仔祿：http://blog.pchome.com.tw/news/carachen/3/1271360610/20060710213830/ 包仔祿位在開山路3巷，店斜對面即古蹟清水寺：http://www.ptt.cc/man/Food/DA58/D917/D236/M.1188361882.A.35D.html 到處吃之卅祿記包子：http://blog.yam.com/godkrab/article/9947547 傳承： 創辦人：石德祿 第一代　石德祿 第二代　石雨瑞 第三代　石文雄 特色： 　　遵古法制，麵團須前一天揉製不添加發粉，自然發酵超過10小時的「老麵」?製為外皮，內餡則先以醬油、糖將豬肉、香菇、蝦米、筍段、蔥酥等料炒香，再以手工捏製成形。比一般肉包大，皮色呈米白色，厚薄度剛好可將內餡肉汁完全封住，味道豐而不腴，非常的可口。因純手工製作，不能量產，十個以上最好先預約，否則可能買不到。
本店歷史已有130年之久，老闆從14歲就開始每天半夜2點左右就起床做包子，現在已經是65歲的年紀了，他說過幾年後就會傳承給女兒繼續做。主要是賣饅頭、包子、水晶餃。


小數：&nbsp;&nbsp; &nbsp;經度:120.206479&nbsp;&nbsp; &nbsp;緯度:22.991984
分數：&nbsp;&nbsp; &nbsp;經度:120 &deg;12&#39;23&quot;&nbsp;&nbsp; &nbsp;緯度:22 &deg;59&#39;31&quot;",週一~週日07:45-19:00  ,中西區,700 臺南市中西區開山路3巷27號,-2258301,,22.99195,120.20644,,地方小吃、中式美食,美食,2022/2/2 12:04
1126,zh-tw,舊來發餅舖,台南有句俗諺「草地胡蠅，也想要吃縣口香餅」，縣口指的是縣城隍廟口，「縣口香餅」指的就是「舊來發」的香餅，這種香不可得的東西，可能是鄉下人吃不起的，也可能指示吃了也不會懂的意思，總之香餅在當時是一種高級食品。「舊來發」至今仍堅持以傳統燒柴的紅磚老灶製作糕、粿類食品。招牌產品有白糖酥餅、沙西餅及水晶餅、黑、白糖香餅等。,台南有句俗諺「草地胡蠅，也想要吃縣口香餅」，縣口指的是縣城隍廟口，「縣口香餅」指的就是「舊來發」的香餅，這種香不可得的東西，可能是鄉下人吃不起的，也可能指示吃了也不會懂的意思，總之香餅在當時是一種高級食品。 百年老舖飄餅香：http://tncftmm.blogspot.com/2008/01/blog-post_9584.html 〈美食進香團〉文．攝影◎林若凡：http://www.libertytimes.com.tw/2003/new/mar/27/life/fashion-1.htm 傳承： 創辦人：何士銓 第一代　何士銓 第二代　何秋水 第三代　何耀木 第四代　何錫銘 沿革： 　　光緒年間，第一代何士銓在今水仔尾開基天后宮旁開設「生春糖舖」，初創時期僅是一間糖舖，傳到第二代何秋水時，仍是盛極一時，但隨著傳統習俗的變遷，漸漸以製餅為主，後來便更名為「來發餅舖」。第三代何耀木經營時，正值大戰末期，為躲避盟軍空襲，遂暫時停止店面營運。戰後在開業，發現有人以「來發」為名營業，只好以「舊來發餅舖」重新開張，目前為第四代何錫銘在經營，第五代仍在培訓中。 　　「舊來發餅舖」傳承四代以來，均遵照傳統古法，堅持以手工製餅，不添加化學物質，不過度的包裝，自製自銷等原則，目前主要仍以祭祀神明時所需的各種祭粿、糕餅及傳統糕餅為主。 特色： 　　「舊來發」至今仍堅持以傳統燒柴的紅磚老灶製作糕、粿類食品。招牌產品有白糖酥餅、沙西餅及水晶餅、黑、白糖香餅等。 店家網址：http://tw.myblog.yahoo.com/jw!pKNGaYSVHBG_LFpZYf7JK8uu3_U-/profile,週一~週日09:30–20:30,北區,704 臺南市北區自強街15號,-2257783,,22.99977,120.2022,,甜點糕餅、伴手好禮,美食,2022/2/2 12:04
1127,zh-tw,信裕軒,第一代創辦人林金鎮，於日治大正年間，在「台南州新豐郡永康庄蜈蜞潭四一四番地」，即今台南縣永康市附近開設「老信裕」餅鋪。不幾，美名遠播，就連台灣總督府建築設計師森山松之助都聞名而來。第三代經營者林宇中先生，因信仰及時下流行的健康養生觀念，於產品上做了些許改變，如去葷加素、減糖、不使用化學添加物等，雖然時興了幾年，但仍不敵大工廠、大品牌的廣告效應。民國八十七年其長子林經堯先生，因深感傳統市場萎縮，遂改立「信裕軒」，以加強消費者對其品牌的印象。民國九十一年與統一超商合作推出「台灣回味」系列產品，提高了全國性的知,第一代創辦人林金鎮，於日治大正年間，在「台南州新豐郡永康庄蜈蜞潭四一四番地」，即今台南市永康區附近開設「老信裕」餅鋪。不幾，美名遠播，就連台灣總督府建築設計師森山松之助都聞名而來。 二次大戰末期，盟軍連續轟炸台灣，為躲避空襲再加上物資缺乏，餅舖幾乎停業。終戰後，修建受損的廠房後又開始營運。民國五十七年第二代林清海先生接手，因製餅廠房老舊狹小，不足以應付日漸增加的生產量，便舉家遷移至現址（仍在永康區）重設製餅廠，並正式登記為「信裕食品商行」。當時產品販售幾乎佈滿中南台灣大小商店和市集，著名的產品有花生糖、杏仁酥、香餅和麻米荖等。 第三代經營者林宇中先生，因信仰及時下流行的健康養生觀念，於產品上做了些許改變，如去葷加素、減糖、不使用化學添加物等，雖然時興了幾年，但仍不敵大工廠、大品牌的廣告效應。民國八十七年其長子林經堯先生，因深感傳統市場萎縮，遂改立「信裕軒」，以加強消費者對其品牌的印象，並開發一系列融合古今台灣印象的行銷包裝，既傳統又典雅，深受消費者青睞。 民國八十九年於民生路開設了第一家直營門市，民國九十一年與統一超商合作推出「台灣回味」系列產品，提高了全國性的知名度。民國九十三年又於孔廟前府中街設立第二家直營門市，今於國定古蹟赤嵌樓前民族路設另一門市，古早味的產品吸引了許多來自日本、新加坡、香港、美國等地的遊客，手工製餅幾乎成為遊客蒞臨台南府城必選的伴手禮，「信裕軒」逐漸的成為台南府城傳統代名詞。 幸福牛軋糖：http://d-park-otop.shop.rakuten.tw/k7116/ 信裕軒-府城手作茶食百年老鋪：http://map.tncg.gov.tw/store.aspx?id=1089 信裕軒（首學分舖）：http://diary.blog.yam.com/lookatme954/article/4943190 商家介紹：http://www.twoec.com.tw/Shop/3009/Main.aspx 百年老店誘人茶食之二卅原文載於財訊雜誌：http://blog.yam.com/TEACOFE/article/17342778 傳承： 創辦人：林金鎮 初創立名稱：「老信裕」餅鋪 第一代　林金鎮 第二代　林清海 第三代　林宇中 第四代　林經堯 店家網址：http://www.sinyui.com.tw/,週一~週日10:00–21:00,中西區,700 臺南市中西區民族路二段389號,-2284726,,22.99709,120.20131,,甜點糕餅、伴手好禮,美食,2021/3/4 12:00
1128,zh-tw,義豐冬瓜茶,創立於民國元年，是府城碩果僅存的傳統製作冬瓜糖的老店，冬瓜茶熬煮過程，不添加任何防腐劑及化學添加物，因此口感濃郁、冬瓜香味十足。林先生的兒子們起初都不願接手，林先生也覺得這已是個黃昏的產業，後來小兒子林科川回來經營飲料店，林嵩山原本煩惱祖業就要結束在他的手中了，不料守成有了新的發展，真是意料不到的結果，義豐冬瓜廠在全台各地都有分店，全是林家後代子孫在經營，義豐的冬瓜茶有特殊的焦糖香味，至今仍以手工製作，所以產量不多，欲購買冬瓜露者須先預約，以免臨櫃買沒。,第一代創辦人林煌，於日大正元年（1912）創設義豐冬瓜工廠，其產業操作系統就是台灣古早的「糖間」。義豐冬瓜廠秉持古早糖間的做法製作冰糖，將熬製冰糖結晶後剩餘的糖漿，再加新鮮冬瓜切條下去熬煮冬瓜糖及做冬瓜露，冬瓜茶就是冬瓜露所沖製的飲料，有濃濃的焦糖香，冰涼後飲用非常可口。「冰糖」又稱「府玉」，是清代台灣府城名產，專銷售北京等王府。 　　第三代林嵩山初中畢業後，曾在消防組合（消防隊）當司機，戰後亦曾跑船，後跟著第二代的父親學做冬瓜糖，至今已有六十餘年的經驗。戰後初期，冬瓜糖曾大量銷往中國大陸沿岸等地，國民政府撤退來台後，隨著兩岸斷交銷路也跟著中斷。後來又因社會結構改變，大家不重視傳統拜拜，冬瓜糖的銷路也漸為其它糖果所取代，台南老式糖間所剩無幾。 　　製作冬瓜糖的過程非常辛苦，熬糖間又濕又熱，林先生的兒子們起初都不願接手，林先生也覺得這已是個黃昏的產業，亦不鼓勵兒子們繼承，決定就自已和老妻兩人守到最後。後來小兒子林科川回來經營飲料店，慢慢改變並發展冬瓜茶新口味，漸漸打響知名度。其他兄弟們也因社會的經濟型態轉換而處於調整中，與其吃別人的頭路，不如回來將家業發揚光大，就這樣，林嵩山原本煩惱祖業就要結束在他的手中了，不料守成有了新的發展，真是意料不到的結果。 　　今，義豐冬瓜廠在全台各地都有分店，全是林家後代子孫在經營，偶有客人發問，義豐冬瓜廠和義豐阿川冬瓜茶有什麼不同？全台灣的分店都用義豐冬瓜廠的名稱開設，而阿川也就是第四代林科川先生，用的是「義豐阿川冬瓜茶」，因為早期第三代林嵩山時期，只做冬瓜糖、冬瓜露，第四代林科川才開始發展「飲料」買賣，為紀念創辦冬瓜茶才會以「義豐阿川冬瓜茶」做區別。 [覓食府城]義豐冬瓜茶--冬瓜露：http://lost-isle.blogspot.com/2005/05/blog-post_23.html 台南義豐冬瓜茶：http://blog.yam.com/julian/article/5388842 義豐冬瓜：http://blog.pylin.org/2008/07/09/1481 傳承： 創辦人：林煌 第一代　林煌 第二代　林大傳 第三代　林嵩山 第四代　林科程、林科烈、林科銘、林科滿、林科川 特色： 　　義豐的冬瓜茶有特殊的焦糖香味，至今仍以手工製作，所以產量不多，欲購買冬瓜露者須先預約，以免臨櫃買沒。,週一~週日09:00–22:00,中西區,700 臺南市中西區永福路二段216號,-2595077,,22.99655,120.20244,,飲料冰品,美食,2022/2/2 12:03
1130,zh-tw,林永泰興蜜餞行,"安平區延平街擁有300餘年歷史，台灣第一街存在著另一個第一「林永泰興蜜餞行」,實際店史超過130年。由於本店用料實在，漬料以砂糖、蜂蜜、甘草粉、特配香料為主，製作技術熟巧，口碑愈來愈好，曾被市府頒發「優良百年老店」。",林家早期和安平其他的家庭一樣以捕魚為生，在捕魚的淡季，第一代林蔭即以自行研發的醃漬蜜餞為生，是另一種度小月方式。後來安平捕漁的人少了，林家從此代代以製作販賣蜜餞為營生，因祖傳秘方融入特殊的中藥材，與其它的蜜餞不一樣，吃了不僅生津解渴，還能開脾顧胃，深得消費者喜愛。目前已傳至第四代，由林進義、葉雅蓮夫婦，還有林太進義的大姊及林碧繡女士共同經營。門市擺設非常古樸，尤甚是店內角落擺著的清代蜜餞大甕，見證著林家代代默默耕耘的豐碩成果。 我所認識的老闆們卅安平永泰興蜜餞 ：http://lost-isle.blogspot.com/2006/05/blog-post_30.html 作者．馬萱人百年老甕的酸甜故事：http://www.businessweekly.com.tw/webarticle.php?id=33812 傳承： 創辦人：林蔭 祖籍：浙江省永寧縣 第一代　林蔭 第二代　林食（羅漢伯），為林蔭侄兒。 第三代　林朝庸 第四代　林進義 特色： 　　歷經一百四十年仍座落於原址，店內釀製蜜餞的老甕異常珍貴，蜜餞種類繁多，為遊子思香解饞的好滋味。,週一~週日11:30–20:00,安平區,708 臺南市安平區延平街84號,-2258161,,23.00066,120.16293,,地方小吃、伴手好禮,美食,2022/2/2 12:04
1131,zh-tw,連得堂餅家,位於大北門的古街裡，有別於傳統糕餅類，為日治時期的食品代表文化之一，至今仍是半手工製作工藝，是很有代表性的文化之一。,"第一代創辦人蔡清連、蔡清得兄弟，於日治約大正末期時，向日本洋?子師傅學得奶油煎餅的製作，之後兄弟共創「連得堂」於總爺街，總爺街即今崇安街，是清代大北門進入府城的街坊，至今仍保持著古街巷的尺度，非常有韻味。第三代蔡益勝說，當年還沒設置店面，由祖父蔡清連在家裡製作，然後叔公蔡清得擔到土地公廟口販售。 　　
奶油煎餅不同於傳統日式煎餅，日式煎餅是米菓，奶油煎餅是用雞蛋加牛奶加水攪和成麵糊後，倒入沾了奶油的鐵板模型加熱煎製而成，正確的說是和式洋菓子。蔡清連先生的煎餅不加水，所以特別香、濃、脆，漸漸打出知名度後，才開始設店面營業。第二代蔡讚經營時是「連得堂」的高峰期，台南各餅店、雜貨舖都買得到，大戰結束後，美軍來台協防，為了吸引美軍購買還將英文店名烙印在煎餅上，成了「連得堂」現代版的標記。 　　
早期因為生產器具較落後，完全依靠手工製作，爐火高溫，煎盤厚重，訂量又多，常常是不眠不休的在工作，直到三十幾年前，才從台北訂到半自動化的瓦斯烤爐，即使如此也要兩台才能應付每天100台斤的數量，可見當年風靡的程度。但西風東漸，西式飲食文化的引進，衝擊了全台灣的傳統糕餅業，就連「連得堂」的奶油煎餅也沒能逃過，民國七十八年第三代蔡益勝先生決定暫時歇業。 　　民國八十二年，文建會在台灣各地舉辦地方文化節，許多已經式微的傳統文化又被文史工作者一一的挖出來，幾年後，已經沉睡的「連得堂」，被散步歷史街區的民眾吵醒了，禁不起大家的要求而重現江湖。 目前第四代蔡偉忠，原本在證?公司當主管，因為蔡益勝先生不堪勞累生病了，雖然產量仍然不多，但來自各方的訂單不減，為了顧客的期待，所以回來繼承家業，也是對文化傳承有交待了。 [剔牙集]我所認識的老闆們--台南連得堂煎餅：http://lost-isle.blogspot.com/2006/02/blog-post_19.html [覓食府城]流傳三代的堅持--連得堂餅鋪：http://lost-isle.blogspot.com/2006/12/blog-post_3094.html 傳承四代的手工：http://700.travel-web.com.tw/ 傳承： 創辦人：蔡清連、蔡清得 第一代　蔡清連、蔡清得 第二代　蔡讚 第三代　蔡益勝 第四代　蔡偉忠 特色：位於大北門的古街裡，有別於傳統糕餅類，為日治時期的食品代表文化之一，至今仍是半手工製作工藝，是很有代表性的文化之一。",週一~週五08:00–20:00 週六~週日08:00–18:00,北區,704 臺南市北區崇安街54號,-2257549,,23.00049,120.20686,,甜點糕餅、伴手好禮,美食,2022/2/2 12:01
1132,zh-tw,振發茶行,振發茶行已歷經四代經營，由當初的南勢港輾轉遷移至台南市民權路一段，茶莊風貌雖老舊，但店中仍留著先祖遺留下來的老店招牌、櫃台、錫桶、木架等家當，向後人細數百餘年來的風霜歲月。特色，店內陳設仍是早其傳統商店使用的木製櫃台、錫製茶桶、木製陳列架等舊家當，老招牌字號仍懸掛店門口，茶葉仍以紙張手工包裝後蓋上牛角店章，參觀時令人有時空錯置之感。,振發茶行已歷經四代經營，由當初的南勢港輾轉遷移至台南市民權路一段，茶莊風貌雖老舊，但店中仍留著先祖遺留下來的老店招牌、櫃台、錫桶、木架等家當，向後人細數百餘年來的風霜歲月。 　　振發茶行的開基始祖嚴朱生於清道光十六年（1836），原籍福建省泉州府同安澳內感化里石澳堡石佛內鄉，排行第三，約於清咸豐年間隻身過海來台，在近南勢港的水仙宮後街開設盛發茶行，以販賣福建武夷茶為業。盛發茶行在嚴朱公經營下日漸成長茁壯，曾為南勢港一帶聞名的茶行，後傳子朱才，又名朱財，再傳孫嚴鍾棋，又名嚴鍾奇，即今振發茶行店東嚴燦城之父，計已留傳四代。 　　茶行店門口懸掛著的刻有「振發」二字的木匾，係原盛發老店留傳下來的老招牌，當年將「盛」字挖除補上木塊改刻「振」字的痕跡依然清晰可見。舖子裡依然保持早年茶行的陳列方式，面對顧客的兩個大木櫃即是留傳了一百餘年的櫃台，後面尚有二座背靠牆壁的木架，架上放滿了各山名茶的茶桶。 　　店東嚴燦城熱心的解釋這種老式櫃檯的妙用，原來它是一個木板釘製的大木櫃，裡面空蕩蕩可供放置物品，而其精妙之處卻在可活動的櫃面，上面留有一個方形的小洞，掌櫃者所收的銅錢、銀兩即由此小孔投入，外人無從伸手探取，只有掌櫃者可由內側拉動檯面結合板，始可將之翻起，以收拾、計算一日經營所得。現在這種古老的櫃檯雖有少數老店仍予保存，但已寥寥可數。 戀甘醇　府城喫茶去卅文化茶卅振發茶莊：http://www.libertytimes.com.tw/2003/new/may/18/life/fashion-6.htm 《找茶高手》台南古都　尋找老茶行卅曾至賢：http://forums.chinatimes.com/life/Fun_sunday/93112115.htm 傳承： 創辦人：嚴朱 祖籍：福建泉州府同安縣澳內鄉感化里石澳堡石佛內 第一代　嚴朱 第二代　嚴財 第三代　嚴鐘奇 第四代　嚴燦成 特色： 　　店內陳設仍是早其傳統商店使用的木製櫃台、錫製茶桶、木製陳列架等舊家當，老招牌字號仍懸掛店門口，茶葉仍以紙張手工包裝後蓋上牛角店章，參觀時令人有時空錯置之感。,週一~週日10:00~18:30,中西區,700 臺南市中西區民權路一段137號,-2222652,,22.99082,120.20863,,伴手好禮,美食,2021/3/4 12:00
1133,zh-tw,金德春老茶莊,金德春茶舖創業於清同治七年（1868），至今已傳至第五代，茶舖座落至今未改。第四代負責人林應龍先生，小學就讀於立人國小，回憶童年時都在武廟、媽祖間及關帝港附近玩耍，當時抽籤巷內其他的行業還有打剪刀、做蝨柄的，轉角處有商家賣戲台上用的燈飾，店面很亮很亮，令人印象深刻。該巷又因抽籤算命很興盛，遂稱抽籤巷。特色，店內一整排盛裝茶葉的大茶甕已有百年歷史，是清朝時，唐山商人運來台灣賣的，日治時期美軍轟炸台灣，將這附近的房子都夷為平地，大茶甕也多遭損毀，現在店內剩下不到十個。,金德春茶舖創業於清同治七年（1868），至今已傳至第五代，茶舖座落至今未改。第四代負責人林應龍先生，小學就讀於立人國小，回憶童年時都在武廟、媽祖間及關帝港附近玩耍，當時抽籤巷內其他的行業還有打剪刀、做蝨柄的，轉角處有商家賣戲台上用的燈飾，店面很亮很亮，令人印象深刻。該巷又因抽籤算命很興盛，遂稱抽籤巷。 　　小時候因店務繁忙，大人們若沒空去拜拜，會交代小孩子代辦，出門前還再三叮嚀要向神明拜三拜、跪三次，拜拜用的糕仔要放哪，茶葉一包要打開放哪，當時孩子會覺得幫父母去拜拜是做一件孝順父母的事，很有榮譽感。祭祀禮品中，茶葉是大禮，尤其是一包好茶。以前的人一定會買一包好茶當作祭拜品，除了表現誠心外，拜完後泡茶喝了也保平安。因此開茶葉店於此也有地緣上的關係。 　　第三代樹伯仔，當初到福建安溪學烘焙茶的技巧，回來後先教女兒，因為當時林應龍太小，學不到技術，女兒學得很好，雖然嫁人後不再賣茶，但也常回到店裡關心生意的情形。一直以來，都是自家人的事業，不曾收過學徒，小本生意只求安分守己循序漸進，不求名利，才能在平穩中求發展。今年歲已大，事業的重擔已由第五代林岳陽接手，後繼有人也就安心了。 社會新聞卅南市新美街巷內　老茶行裡百年茶甕：http://enews.ccu.edu.tw/modules/news/article.php?storyid=3683 金德春茶舖卅撰文．鄭道聰：http://www.tncsec.gov.tw/b_native/index.php?act=home&amp;c03=46&amp;c04=4#77 傳承： 創辦人：宣師 祖籍：福建永春 第一代　宣師 第二代　阿暉仙 第三代　樹伯仔 第四代　林應龍（茶心仔） 第五代　林岳陽 特色： 　　店內一整排盛裝茶葉的大茶甕已有百年歷史，是清朝時，唐山商人運來台灣賣的，日治時期美軍轟炸台灣，將這附近的房子都夷為平地，大茶甕也多遭損毀，現在店內剩下不到十個。,週一~週日09:00–20:00,中西區,700 臺南市中西區新美街109號,-2283802,,22.99669,120.2007,,伴手好禮,美食,2021/3/4 12:00
1134,zh-tw,文峰茶莊,陳家先祖於清同治年間，由福建泉州府移民來台，定居於枋橋頭富商吳尚新的「吳園」旁，迄今已有138年歷史。文峰茶莊至第三代為止是歷代傳承，第四代始由兄弟姐妹依序傳承，先由第四代陳復麟傳給大兒子陳玉麟，之後由姊姊接掌經營二十多年，再傳承給現今的第六代陳玉雄、黃玉梅夫婦。特色，店面不大，但店內陳設了各式年代久遠的茶具、茶餅、老茶桶等茶文物，想瞭解台南茶文化發展的人，可以到文峰茶行看看。,陳家先祖於清同治年間，由福建泉州府移民來台，定居於枋橋頭富商吳尚新的「吳園」旁，迄今已有138年歷史。文峰茶莊至第三代為止是歷代傳承，第四代始由兄弟姐妹依序傳承，先由第四代陳復麟傳給大兒子陳玉麟，之後由姊姊接掌經營二十多年，再傳承給現今的第六代陳玉雄、黃玉梅夫婦。 　　開基祖陳錦雲，初創業時經常往返廈門採辦買貨，店內保留了多張明治二十九年（1896）往返廈門的通行護照可為證。起初開店時有三間店面，一間洋行，一間茶莊，一間中醫館，中醫師是被稱為「坊橋頭登志仙」的第二代陳登志時所開設。 　　第四代陳玉麟則積極推廣茶葉，並成立台南茶商業公會，現第六任陳玉雄仍擔任茶商公會理事，文峰茶行因時代轉換及社會經濟的變遷，今雖然風華不在，但從店內的歷史文物仍可窺見當年的繁榮。 茶商公會：www.tntb.com.tw/about_history.php 天空部落：blog.yam.com/TEACOFE/article/17785124 文峰茶行：tw.knowledge.yahoo.com/question/question?qid=1607032007385 傳承： 創辦人：陳錦雲 祖籍：福建泉州府 開基祖　陳錦雲 第二代　陳登志 第三代　陳復麟 第四代　陳玉麟，之後為兄弟姐妹依序傳承 第五任　陳玉麟之姊卅第六任　陳玉雄 特色： 　　店面不大，但店內陳設了各式年代久遠的茶具、茶餅、老茶桶等茶文物，想瞭解台南茶文化發展的人，可以到文峰茶行看看。,週一~週日09:00~23:00,中西區,700 臺南市中西區民權路二段36號,-2244711,,22.99431,120.20563,,伴手好禮,美食,2021/3/4 12:00
1135,zh-tw,安平貴記美食文化館,落於第一老街 延平街上的安平貴記美食文化館，是以楊氏祖厝修建而成，從側面的外觀，仍何見傳統建築土形馬脊背的造型，不時仍有鴿雀停留在。祖屋的另一特點，是由楊氏祖先舊時掩蔽美軍空襲，以手工挖掘而成的迷你防空洞，洞內建造頗富心思，值得參訪。 目前整個會館，以貴記知名鼎邊趖、蝦仁肉圓、芋粿，並結合台南多家知名小吃，提供全套道地府城小吃，美其名為 台南小吃風味餐 ，讓顧客有豐盛而經濟的安平饗宴。,"落於第一老街 延平街上的安平貴記美食文化館，是以楊氏祖厝修建而成，從側面的外觀，仍何見傳統建築土形馬脊背的造型，不時仍有鴿雀停留在。祖屋的另一特點，是由楊氏祖先舊時掩蔽美軍空襲，以手工挖掘而成的迷你防空洞，洞內建造頗富心思，值得參訪。 目前整個會館，以貴記知名鼎邊趖、蝦仁肉圓、芋粿，並結合台南多家知名小吃，提供全套道地府城小吃，美其名為 台南小吃風味餐 ，讓顧客有豐盛而經濟的安平饗宴。

貴記芋粿，以特殊家傳法製作，上層以蔥香肉燥，芋粿軟香甜而不膩，甜鹹交雜，比例得宜，入口鬆軟是安平一道膾炙人口的美味佳餚。吃芋粿是越冷越Ｑ，風味獨特，是令人難忘的古早阿媽滋味。

鼎邊趖，材料是以舊米磨成米漿後將水份濾乾成粉狀再調水成稠狀，沿火熱的大鍋邊緣慢慢注入趖下而成薄皮，涼乾後切成小片配以鮮蚵仔、金針、木耳、筍絲、魷魚絲及魚骨熬成的高湯同煮，便是一道滑溜順口風味獨特的小吃。",週一~週五11:00–19:00 週六~週日11:00–20:00,安平區,708 臺南市安平區延平街93號,-2228914,,23.00067,120.16247,,地方小吃,美食,2022/2/2 12:03
1136,zh-tw,集品蝦仁飯,用每天現剝的火燒蝦，蝦肉與青蔥快火炒香，將蝦鮮的油汁滴漏到柴魚高湯，採用熬煮兩個多小時的柴魚高湯，加上醬油、少許糖、薄鹽等基本調味，當是炒飯用的醬汁。把這醬汁為底，再加入另外事先以油鍋和蔥段炒過的蝦仁所濾下的蝦汁，這些高湯再搭配豬油，大火中最後再放入米飯，攪拌，讓米飯充分吸入柴魚醬汁與蝦汁，起鍋入碗，鋪上之前熱炒的濃郁鮮香蝦仁，每一口吃起來都散發出火燒蝦鮮甜味的蝦仁飯就大功告成了。,蝦仁肉絲飯，經濟實惠，可以最優惠價格，一次吃到招牌蝦仁飯和肉絲飯。蝦仁肉絲飯不僅俗又大碗，又能吃到蝦仁鮮甜和肉絲嚼勁，加上用柴魚高湯拌炒米飯，美味值得品嚐。,週一~週日09:30–20:00,中西區,700 臺南市中西區海安路一段107號,-2263049,,22.99023,120.19505,,地方小吃、中式美食,美食,2022/2/2 12:03
1138,zh-tw,品香肉粽,使用香味獨特的月桃葉包製，並以生為內餡，煮出來的粽子有著濃厚的土豆香味外，還混合著淡淡的月桃葉香氣，是台南有地方特色的美食，本店再加以改良，加入高膳食纖維的雪蓮子豆後，熱量更低，淋上花生粉配合本店特製醬料，風味一絕，絕對值得您推薦給大家。,使用香味獨特的月桃葉包製，只以花生為內餡，煮出來的粽子有著濃厚的土豆香味外，還混合著淡淡的月桃葉香氣，是具有台南地方特色的美食，本店再加以改良，加入高膳食纖維的雪蓮子豆後，熱量更低，淋上花生粉配合本店特製醬料，風味一絕，絕對值得您推薦給大家。,週一~週日07:00–20:00,東區,701 臺南市東區府連東路41號,-2744708,,22.98439,120.21789,,地方小吃、中式美食,美食,2021/3/4 12:00
1139,zh-tw,椿之味薏仁湯,椿之味薏仁湯顛覆以往薏仁湯只能在傳統市場販售的既有型式，採用新思維販售薏仁，採取「全天候販售方式」，將熬煮好的薏仁經過急速冷卻、冷藏、封裝、銷售，縮減薏仁於常溫下的暴露時間，讓傳統的薏仁吃的更健康、安心。,椿之味薏仁湯顛覆以往薏仁湯只能在傳統市場販售的既有型式，採用新思維販售薏仁，採取「全天候販售方式」，將熬煮好的薏仁經過急速冷卻、冷藏、封裝、銷售，縮減薏仁於常溫下的暴露時間，讓傳統的薏仁吃的更健康、安心。,週一~週六09:30~21:30週日10:00~19:00,中西區,700 臺南市中西區青年路68號,-2282129,,22.99213,120.20729,,飲料冰品,美食,2022/2/2 12:04
1140,zh-tw,府城大水缸,堅持「真材實料，照起工，絕無添加物」。桂花酸梅湯是以烏梅、仙楂、甘草為主等12種材料，熬煮8小時，去腥羶油膩。具極強的抗菌力，生津止渴、助消化、增進食慾，還可以清腸胃、驅蟲、防止腹瀉對酸性體質好處多，那股酸甘甜仔、酸甘甜的滋味令人畢生難忘。,養生達人木伯，30年前為了中風的父親調養，經過中醫指點，費心熬煮酸梅湯，一煮20年成專家，「大水缸」成為台南知名養生飲品第一招牌。 「做吃的，是良心事業」要給家人喝的養生飲品，「大水缸」堅持三不原則：絕不使用色素、香料、防腐劑等人工添加劑。使用冰糖或砂糖來熬煮，拒絕傷肝傷腎的糖精。不加冰塊，要清涼，煮好放涼進冰箱。 從挑選原料到熬煮細節，層層把關絕不馬虎，認真喝得出來。大水缸多次入選台南市政府辦的「府城十大傳統美食」及「台南百家好店」，品質經得起挑剔與檢驗。 　　真材實料，熬煮真實味道；良心時間，換取養生精華。每一滴天然回甘蘊含健康祝福，每一口淋漓暢快引出嘴角微笑。,週一~週六09:30–22:00 週日09:30–17:00,南區,702 臺南市南區文南路325號,-2920436,-2922236,22.9876,120.1904,網路、宅配服務,甜點糕餅、飲料冰品,美食,2022/2/2 12:03
1142,zh-tw,瑞珍蝦仁餛飩,取安平靠海之便，主要以新鮮蚵、蝦為食材，搭配豐富的蔬菜，煎於鐵板至黃金色，表皮香酥內Q軟，此即蚵仔煎，亦形成安平商家經營的特色，安平蚵仔煎亦是府城出名小吃之一。安平瑞珍因世居於安平，祖父、父親世襲都是插蚵為生，蚵仔煎的口味更是傳承祖父之手以古早煎法，口味獨特，新鮮海料更是當日現採，嚐過都會囋不絕口。,取安平靠海之便，主要以新鮮蚵、蝦為食材，搭配豐富的蔬菜，煎於鐵板至黃金色，表皮香酥內Q軟，此即蚵仔煎，亦形成安平商家經營的特色，安平蚵仔煎亦是府城出名小吃之一。安平瑞珍因世居於安平，祖父、父親世襲都是插蚵為生，蚵仔煎的口味更是傳承祖父之手以古早煎法，口味獨特，新鮮海料更是當日現採，嚐過都會囋不絕口。,週一~週五09:00–19:00 週六~週日08:00–20:00,安平區,708 臺南市安平區效忠街79號,-2284144,,23.00093,120.1613,,地方小吃、中式美食,美食,2018/12/13 15:41
1143,zh-tw,玉井之門,精選南台灣種植的愛文芒果、原生種芒果(土芒果) 、鳳梨、芭樂、楊桃以傳統烘焙並保有水果自然風味的方式製成果乾，無任何化學添加並經國際公正單位SGS認證。讓果乾也可以變得很健康，是您自用送禮最好的選擇。,精選南台灣種植的愛文芒果、原生種芒果(土芒果) 、鳳梨、芭樂、楊桃以傳統烘焙並保有水果自然風味的方式製成果乾，無任何化學添加並經國際公正單位SGS認證。讓果乾也可以變得很健康，是您自用送禮最好的選擇。,週一~週日10:00-21:00,中西區,700 臺南市中西區民族路二段325號,-2217833,,22.99673,120.20265,,甜點糕餅,美食,2022/2/2 12:05
1144,zh-tw,章成麥芽餅-安平店,成立於2000年，生產一口麥芽餅，以麥芽糖Q軟、不黏牙為最大特色與訴求。初始，我們致力於麥芽糖的研新，改變您對麥芽餅黏、硬的刻板印象。進而研發Q軟、不黏牙，專屬於麥芽餅獨特口味的麥芽糖。,麥芽餅Q軟、不黏牙的獨特口感來自於麥芽糖形成時專業製作與特有的餅乾成份。當初為了配合麥芽糖甜味，我們要求製作如銅幣般大小形狀帶有鹹味的餅乾，搭配著章成研發的Q軟麥芽糖，香酥口感鹹中帶甜的餅乾。,週一~週日10:00-21:00,安平區,708 臺南市安平區 安平路518號,-5955808,,22.99832,120.17173,,甜點糕餅、伴手好禮,美食,2021/3/4 12:00
1145,zh-tw,台南安平得意蝦餅,來自台南安平的得意蝦餅，創立逾1971年，堅持使用天然食材，無防腐劑及人工添加物，通過南市衛生優良檢驗合格！蝦餅不僅有鮮蝦海味而且完全沒有油味，有獨立的中央廚房，統一的油炸包裝，管理品質讓人放心讓人放心！口味多樣化，價格也很公道，是來台南玩一定要買的伴手禮呦！,來自台南安平的得意蝦餅，創立逾1971年，堅持使用天然食材，無防腐劑及人工添加物，通過南市衛生優良檢驗合格！蝦餅不僅有鮮蝦海味而且完全沒有油味，有獨立的中央廚房，統一的油炸包裝，管理品質讓人放心讓人放心！口味多樣化，價格也很公道，是來台南玩一定要買的伴手禮呦！,週一~週五10:00–19:00 週六~週日10:00–20:00,安平區,708 臺南市安平區安平路123號,-2204978,,22.9998,120.1633,,地方小吃、伴手好禮,美食,2022/2/2 12:03
1148,zh-tw,慶家黃金泡菜,色澤明亮黃金的黃金泡菜，口感甘甜，採用獨特的技術與設備，以手工按摩指壓的原理，將白菜浸泡在spa池中，將白菜發酵後的酸澀釋放出來，並搭配獨家醬汁，且無添加防腐劑，繁複的手續，呈現出黃金泡菜與眾不同的滋味。,「慶家─黃金泡菜」從原物料的選材近乎苛求到製作過程捨棄鹽巴醃製，完全顛覆一般大眾的刻板印象，洗SPA的黃金泡菜、色澤明亮金黃、口感脆嫩、入喉甘甜，有別於一般泡菜，「在地的食材」融合米其林級的「精緻質感」，ㄧ次又一次成功的將時尚與美味結合。品嚐慶家─黃金泡菜讓您體會味覺存在的價值。,"週一~週五10:00~19:30
週六~週日10:00~20:00",安平區,708 臺南市安平區中華西路二段357號,-2979886,06-2971591,22.99359,120.18646,,,,2021/3/4 12:00
1149,zh-tw,番王伯安平老街蜜餞,"本甕內裝之梅子含豐富蛋白質、鈣、磷、鐵、鈉、錳等元素較其他水果高出甚多。梅子果實更是一種天然機能性的食品，梅子雖酸味，但在體內經消化吸收後會形成帶鹼性物質，使人體血液保持中性至微鹼性；梅子可以預防食物腐敗，經常食用梅子可以增加食慾、消除疲勞、防止老化、保持身體健康。故為現代人之最佳食品。

小數：	經度:120.169751	緯度:22.998597
分數：	經度:120 °10'11""	緯度:22 °59'54""","堅持承襲傳統二甲子傳承古味，以甕來醃漬新鮮梅子，更結合現代科技、製造出健康養生、安全衛生之在地台南名產，結合府城安平歷史典藏，仿製明朝時代、安平出土「圓腹型」之安平壺，以甕來精裝梅子。訴求來安平得平安概念，創新設計出安平壺精裝禮盒-甕梅作為大台南鄉親伴手禮，使伴手禮更具有歷史典故及濃厚地方色彩。

本甕內裝之梅子含豐富蛋白質、鈣、磷、鐵、鈉、錳等元素較其他水果高出甚多。梅子果實更是一種天然機能性的食品，梅子雖酸味，但在體內經消化吸收後會形成帶鹼性物質，使人體血液保持中性至微鹼性；梅子可以預防食物腐敗，經常食用梅子可以增加食慾、消除疲勞、防止老化、保持身體健康。故為現代人之最佳食品。
&nbsp;",週一~週日10:00~22:00,安平區,708 臺南市安平區安平路416號,-2229118,,22.9982,120.17446,,地方小吃、伴手好禮,美食,2021/3/4 12:00
1151,zh-tw,蝦到爆,蝦到爆蝦餅堅持天然、健康的理念，絕不添加人工香料及色素，嚴選百分之百純鮮蝦原料製造，讓您輕鬆品嚐蝦餅美味的同時，更可吃到全蝦的營養。蝦餅更是安平代表性的美食之ㄧ，蝦到爆蝦餅即將推廣至全台知名的連鎖便利超商，希望能將台南美食推廣至全台每個角落，讓大家都能嚐到安平「蝦到爆蝦餅」的好滋味。,蝦到爆蝦餅堅持天然、健康的理念，絕不添加人工香料及色素，嚴選百分之百純鮮蝦原料製造，讓您輕鬆品嚐蝦餅美味的同時，更可吃到全蝦的營養。蝦餅更是安平代表性的美食之ㄧ，蝦到爆蝦餅即將推廣至國內知名的連鎖便利超商，希望能將台南美食推廣至國內每個角落，讓大家都能嚐到安平「蝦到爆蝦餅」的好滋味。,週一~週五10:00–16:00 週六~週日09:30–18:00,安平區,708 臺南市安平區安平路592-1號,-2293088,,22.99876,120.16957,,地方小吃、伴手好禮,美食,2021/3/4 12:00
1155,zh-tw,順利餅舖,榮獲2009府城十大伴手禮的赤崁老餅，內餡包有荷蘭乳酪以及台灣麻薯。濃濃起司香的赤崁老餅，軟Q的麻糬讓人愛不釋手，一口又一口。,榮獲2009府城十大伴手禮的赤崁老餅，內餡包有荷蘭乳酪以及台灣麻薯。濃濃起司香的赤崁老餅，軟Q的麻糬讓人愛不釋手，一口又一口。,週一~週日09:00~22:00週六09:00~19:00,安南區,709 臺南市安南區長和路二段192號,-3551404,,23.06345,120.21891,,甜點糕餅,美食,2021/3/4 12:00
1159,zh-tw,福樂屋,包著新鮮草莓和紅豆的手工現做麻糬，碩大的有機草莓，多汁香甜。紅豆熬煮後不加蔗糖，反而加入大量香醇的煉乳。特選的糯米麻糬皮軟又Q，冷藏也不顯乾硬。一口咬下同時有米香、豆香、乳香和幸福味道的草莓味。,電話： 06-2212727 地址： 台南市忠義路二段113號 　　包著新鮮草莓和紅豆的手工現做麻糬，碩大的有機草莓，多汁香甜。紅豆熬煮後不加蔗糖，反而加入大量香醇的煉乳。特選的糯米麻糬皮軟又Q，冷藏也不顯乾硬。一口咬下同時有米香、豆香、乳香和幸福味道的草莓味。,週一~週日09:00~22:00,中西區,700 臺南市中西區忠義路二段113號,-417502,,22.99416,120.20319,,甜點糕餅、伴手好禮,美食,2022/2/2 12:04
1160,zh-tw,同記安平豆花,"同記安平豆花 是安平超過30年以上的 安平豆花 老店，現在不僅以 安平豆花 小吃名號創造了歷史，更成為台南府城最重要的小吃標記。來府城一定要來安平嚐嚐好吃的 安平同記豆花。
","打開記憶的盒子，回到四十年前，一碗豆花五角的時代，叫賣的鈴鈴聲，淡淡的豆花香，隨即湧現腦海。豆花採用非基因改造黃豆，近40年的經驗，遵循古法製作，豆花及配料都是新鮮熬煮，吃起來更香嫩細軟，營養健康。

同記安平豆花現在不僅以 安平豆花 小吃名號創造了歷史，更成為台南府城最重要的小吃標記。來府城一定要來安平嚐嚐好吃的 安平同記豆花。

&nbsp;",週一~週日09:00–23:00,安平區,708 臺南市安平區安北路433號,-3914505,,22.99993,120.15343,,地方小吃、飲料冰品,美食,2022/2/2 12:03
1161,zh-tw,小南米糕,三代傳承的百年老店，高票入選府城十大伴手禮，堅持用的是高山黑豬肉，米糕~一種長得很像油飯的小吃，但是飯裡又沒有像油飯一樣那麼多種料，只有簡單的肉燥、魚酥。一種到處都看得到的傳統小吃，而且每間都各自堅持自己的風格，自己的口感和品質。在台南米糕可以說是到處都看得到，而且非常平價的小吃，一碗小小的米糕，主要吃的是口味。就台南市來講米糕各家的味道不會差太多，這樣說好像每家都一樣，那還有什麼好介紹的啊。其實每個人的口感及喜好都不盡相同，當然就是因為個人喜好不同，所以就在一樣的小吃裡，能夠做出自己的風格，自己的味道，,"隨家人離鄉搬遷至府城東門圓環，開始隨祖父騎腳踏車叫賣米糕度三餐，年幼時的&ldquo;人飢己飢&rdquo;想法，讓北港仔添米糕時，總會多壓兩三杓米糕在貧苦人的碗裡，雖然當時一碗米糕僅賣3角，卻讓打赤腳的&ldquo; 北港仔&rdquo;樂在心裡。小南米糕創始於1907年，由黃慶珍先生的祖父創立，之後1977年再由黃慶珍先生接棒至現在，後來東門圓環被拆才搬到開山路師院附小一帶經營，三十多年前由黃慶珍先生接棒後才遷移到小南現址。
「北港仔」黃慶珍先生講究遵古製法，三代相傳百年的小南米糕，採用旗山黑豬肉特調的肉燥，是道地府城傳統美食。佐伴精選Q度高的花壇長糯米，並使用環保的竹葉包裹，香氣四溢陣陣撲鼻，喚醒人們對米食最原始的渴望，濃濃的肉燥香滿足了嗅覺與味覺的交戰。
&nbsp;",週一~週日10:00–20:30,東區,701 臺南市東區大同路一段189號,-2136838,,22.98424,120.21132,,地方小吃、中式美食,美食,2021/3/4 12:02
1162,zh-tw,韓金婆婆 (赤崁店),「韓金婆婆豆腐酪」、「養生杏仁茶」榮獲臺南市十大伴手禮暨傳統美食，豆腐酪清爽不膩，細緻綿密的口感是不同於布丁、奶酪、豆花的新式口味，更符合現代人健康需求「無色素、無香料、不添加防腐劑」熱量低，營養高，是老少咸宜的點心。 養生杏仁茶，以特選南杏與北杏調和而成的完美比例。杏仁香氣自然濃郁，像絲緞般的潤澤滑順口感。令人難以忘懷的幸福滋味。自用送禮兩相宜，讓你感受到一份慈母的心意以及濃濃的人情味。,"



日式黃金焦糖布丁


	永恆經典的本真滋味。新鮮紅仁雞蛋、日本特選級十勝鮮乳、法國頂級鮮奶油，佐以苦甜漸層的焦糖，黃金絲滑，韻味綿長。極致厚工，細膩熟成，期許獻上令您滿足的自慢之味
	成份：鮮奶、糖、鮮奶油（牛奶、卡拉膠）、雞蛋








高鈣鮮奶布丁奶酪


	濃郁香醇的奶香味，不加任何豆類調製，口感滑潤細緻中帶著清香，爽口而不膩，令人心曠神怡
	成份：鮮奶、糖、鮮奶油（牛奶、卡拉膠）、海藻抽出物（鹿角菜膠、赤槐豆膠）





香濃可可布丁奶酪


	選用法國進口第一品牌VALRHONA可可粉搭配牛奶，超濃郁香醇，爆漿的驚艷，讓您感受幸福的滋味
	成份：可可粉、糖、鮮奶油（牛奶、卡拉膠）、海藻抽取物（鹿角菜膠、赤槐豆膠）








雪花杏仁布丁奶酪


	嚴選頂級進口杏仁豆精心研磨，呈現日式口味的綿密細緻，散發出微微自然杏仁香，不刺鼻、不膩口，既健康又養生
	成份：杏仁豆、奶粉、糖、鮮奶油（牛奶、卡拉膠）、海藻抽取物（鹿角菜膠、赤槐豆膠）






鮮纖芒果布丁奶酪


	以新鮮愛文調配的濃郁芒果泥，醞釀在豆腐酪之中，散發出甜蜜濃郁的芒果香氣，不甜不膩，口感絕佳，令人為之風靡
	成份：芒果泥、糖、鮮奶油（牛奶、卡拉膠）、海藻抽取物（鹿角菜膠、赤槐豆膠）、天然黃梔子食用色素





鮮奶香芋布丁奶酪


	精選大甲芋頭，經離心技術抽離澱粉，口感軟Ｑ且帶芋頭微粒，芋香清爽不膩，風味迷人
	成份：芋頭、糖、鮮奶油（牛奶、卡拉膠）、海藻抽取物（鹿角菜膠、赤槐豆膠）








日式抹茶布丁奶酪


	嚴選頂級抹茶粉，甜而不膩，順口不苦澀，細緻綿密，滑嫩無比，入口即化，芳醇茶香縈繞，久久不散，讓您一再回甘，閒暇嚐一口，人間好滋味
	成份：抹茶粉、糖、鮮奶油（牛奶、卡拉膠）、海藻抽取物（鹿角菜膠、赤槐豆膠）






竹碳芝麻布丁奶酪


	符合人體健康的天然竹炭素材，散發獨特氣味，口感絕佳，養生竹炭與芝麻的絕妙組合，促進體內環保，健康又養生
	成份：芝麻、竹炭粉、糖、鮮奶油（牛奶、卡拉膠）、海藻抽取物（鹿角菜膠、赤槐豆膠）






香甜草莓布丁奶酪


	嚴選無農藥殘留新鮮草莓調配而成的醬汁，吃得到粒粒分明的莓籽，酸酸甜甜的滋味，讓您感受初戀的甜蜜
	成份：草莓醬、糖、鮮奶油（牛奶、卡拉膠）、海藻抽取物（鹿角菜膠、赤槐豆膠）










摩卡咖啡布丁奶酪


	精選日本U.C.C.咖啡豆，依古早傳統製作，入口即能感受咖啡的香醇氣息，有如舌尖跳躍的音符
	成份：研磨咖啡豆、植物奶精、糖、鮮奶油（牛奶、卡拉膠）、海藻抽取物（鹿角菜膠、赤槐豆膠）








養生杏仁茶


	特選南杏與北杏調和而成的完美比例，杏仁香氣自然濃郁，像絲緞般的潤澤滑順口感，令人難以忘懷的幸福滋味
	成份：杏仁豆、米漿、糖、水、花生仁








養生杏仁粉


	精選杏仁原豆，活力營養，自然原味，無糖無添加，健康又養生
	成份：杏仁原豆








芒神寒天凍


	精心熬煮的洛神花醬，融合香濃芒果泥，酸甜絕配，以富含膳食纖維的寒天為基底，美味可口營養高，低糖清爽零負擔
	成份：芒果泥、洛神花果粒、糖、寒天（鹿角菜膠、赤槐豆膠）








宇治金時


	香甜柔軟的抹茶雪花，一匙滿滿的相思紅豆，柔滑細緻的鮮奶布丁奶酪，日式懷舊風味，簡單呈現








草莓派對


	以雪花般綿密的剉冰為基底，加入微甜煉乳與現打鮮奶油，鋪上冬日現採草莓，歡樂草莓派對，豐富你的味覺饗宴


","星期一	11:00–21:00
星期二	11:00–18:00
星期三	11:00–18:00
星期四	11:00–21:00
星期五	11:00–21:00
星期六	10:00–21:30
星期日	10:00–21:30",中西區,700 臺南市中西區赤嵌街1號(赤崁樓旁),-2219357,,22.99737,120.20201,餐飲、宅配服務,租機車、租汽車、租自行車、計程車,美食,2022/2/2 12:03
1164,zh-tw,依蕾特布丁,『不加一滴水，以鮮奶替代水』濃厚紮實的風味與口感極具特色，採用日本進口先進完善製作設備，嚴密控管食品衛生與保鮮，招牌『鮮奶布丁』，化在嘴裡，奶、蛋、焦糖融合的完美口感。,"看依蕾特布丁、台灣之寶茶葉、宏達鐘錶的無店鋪販賣奇蹟！ 還要提醒廠商們，所有上電視購物該注意的事項。 　　依蕾特布丁：善用黑貓物流，新鮮布丁熱賣全台位在台南安平工業區的「依蕾特布丁」，答答的封裝機器聲，伴隨著一通通幾乎無間斷的電話鈴聲。同一時間，老闆娘方太太又從傳真機拿出一長串傳真紙，準備回電確認。 　　「剛好是上電視的關係啦！以前我們還是以老主顧比較多，」依蕾特布丁老闆方穀派一露面就展現出誠懇實在的性格。過年前方穀派受邀上電視節目介紹他的布丁，結果電話傳真熱線不斷。樸實的方穀派從來不是大眾傳播的愛好者。在行銷至上的時代，他硬是靠著土法煉鋼發DM，讓依蕾特布丁在全台熱銷，一年營收上千萬元。 　　因為女兒愛吃布丁，而做出倍受朋友歡迎的布丁，方榖派創立了「依蕾特」品牌。堅持把成本投注在產品物料上，他不開店也不透過經銷，自己發DM打廣告、運送，靠口碑吸引團體訂購。但是，冷藏鮮食的物流配送，卻形成持續擴張的最大挑戰。 　　「超過30個點，我們就沒辦法！」方榖派表示，當時自己有車負責配送，但是由於布丁不能在市溫超過4小時，而團體客戶的時間需求都不同，所以路線上非常難調配。物流的限制更阻礙他開拓重點市場&mdash;&mdash;台北地區的機會。 　　讓方穀派走出地方的最大功臣是「黑貓宅急便」。全程低溫的運輸設計及全台即時配送，讓他的產品現在可以遠佈宜蘭或清境農場。和宅急便合作3年多來，銷售量更是從過去的一個月出貨200盒到現在最多2,000盒，呈現10倍的成長！ 　　有健全的物流作後盾，產品要如何行銷出去？過去，他曾生產茶凍在超市通路販售，但卻深刻體會「小廠商的東西擺在架上，就是不起眼！」 　　設法讓顧客實際體驗，正是虛擬販售拉進客戶距離與贏得信任的關鍵之道。方穀派相信，「吃的東西，還是要讓人自己品嚐！」因此，他改用發DM、到各公司辦免費試吃的方式，吸引公司行號團體訂購。即使到了大台北地區，他還是一步一腳印，花了半年時間、跑遍400～500家公司，拓展出新市場。產品行銷有時候就是水到渠成。由於銷售成績好，「依蕾特布丁」也名列統一超商預購誌、統一整合型錄、黑貓宅急便網站的推薦商品。他說，這對品牌帶來非常正面的影響，尤其一些曾經買過的顧客，會因為看到介紹而回購。 　　「有了宅急便，小店也可以販售到全台，現在我就不只是一家『店』而已，」方穀派說，開一家實體店面的幅員總只有附近幾公里，但是無店鋪的依蕾特卻走得更廣、更遠。

&nbsp;",週一~週五10:30–21:00 週六~週日10:00–21:00,安平區,708 臺南市安平區安平路422號,-2260039,,22.9981,120.17414,,甜點糕餅、伴手好禮,美食,2022/2/2 12:03
1165,zh-tw,保真味土鳳梨酥,,大家都知道台南市關廟是鳳梨的故鄉，尤其是陸軍山的鳳梨更是明聞遐邇，保真味鳳梨酥創辦人楊將得，累積多年的烘培經驗，秉持採用關廟在地３號土鳳梨酥製作土鳳梨酥，風味和口感都受消費者喜愛，是台灣台南觀光最佳伴手禮。 　　保真味仍有傳統的秉持，繼續研發創意新口味，以胡椒鹽為主題，因胡椒口味濃重在各種菜餚調味中可達到香辛且帶口、鹹甜醒味。加上純度１００%土鳳梨內餡製作而成，品嚐時能吃出整體香醇又美味及胡椒鹽的特殊風味，香氣四溢，並榮獲１０１年全國鳳梨酥大賽最佳優質獎。,週一~週日08:30-21:00,歸仁區,711 臺南市歸仁區中山路三段228號,-3385580,,22.96814,120.28249,,,,2018/12/13 15:41
1167,zh-tw,震益薑黃園,,震益薑黃系採本土在地3年以上優質大紅薑黃，經特殊工法並遵古法練就，來生產主要基礎薑黃原料。 結合國立嘉義大學來共同研發優質薑黃相關加工食品，並且委託相關生技同業加工生產製造。透過國際認證HACCP以及ISO22000生產環境，來產製更健康優質的薑黃加工食品。讓薑黃天然的維生素、薑黃素、鋅、鐵、鈣、鎂、薑酮素、生薑醇等多元元素更容易吸收。期許帶給社會大眾多一個促進新陳代謝，調節生理機能的新選擇。,週一~週六08:00–21:00，週日休息,關廟區,718 臺南市關廟區文衡路128號,-5955197,,22.96297,120.32632,,,,2021/3/4 12:00
1168,zh-tw,獨領鳳燒-關廟土鳳梨酥,,本公司堅持傳統手工遵循古法製作、皮薄餡多、入口鬆化、酥而不膩、令人齒頰留香、一吃難忘。 另外【支持地方產業文化‧讓關廟鳳梨再進化】為本公司對在地產業的執著與這塊土地的使命感。,週一~週六08:30–20:30 週日09:00–18:30,關廟區,718 臺南市關廟區關廟里民生街149號,-5952506,,22.95706,120.32621,,,,2021/3/4 12:00
1169,zh-tw,頂好烘焙坊,,基於現代人講求健康理念.頂好糙米鳳梨酥顛 覆了傳統鳳梨酥的做法.採用台南關廟鳳梨.紐 西蘭安佳無鹽奶油.安佳奶粉.及未經過精製的 糙米（含有較白米更豐富的醣類.脂肪.蛋白質. 膳食纖維.維生素B群.維生素E及防止老化的 米糠醇）.不添加化學香料.純手工製作烘焙.品 嚐時絕對讓您的味覺「煥、然、一、新」！,週一~週日08:00-23:00,永康區,710 臺南市永康區西勢路236號,-2713246,,23.02104,120.27545,,,,2021/3/4 12:04
1170,zh-tw,紅磚布丁中央工廠,,&ldquo;鳳梨酥&rdquo;是「紅磚」進入網路市場區塊的最初商品，之後卻因為市場趨向轉而進入了布丁專賣，為求精於&ldquo;布丁&rdquo;的研發生產，遂不得不暫停生產一直引以為傲且口碑極佳的&ldquo;鳳梨酥&rdquo;，由於&ldquo;紅磚&rdquo; 是從傳統糕餅業轉型而來，在扎實的糕餅技術上所生產的鳳梨酥是「紅磚」最引以為傲的首屈商品，我們承襲以往少糖少油的健康理念，不僅將油、糖減至最符合人體需求的健康比例，以50%關廟土鳳梨及50%17號金鑽鳳梨特製而成酸甜適宜的內餡，更添加近期最夯的異麥芽寡糖及維他命E讓消費者在品嘗美食之餘，不但不增加身體負擔更達到體內環保的健康好味道。,週一~週五09:00–18:00，週六~週日休息,永康區,710 臺南市永康區國聖街81巷28號,-2429235,-2430115,23.03193,120.22382,,,,2022/7/26 17:29
1172,zh-tw,3皇3家 中華東店,,3皇3家為複合式餐飲的第一品牌，秉持『顧客滿意、品牌第一、同仁樂意』的經營理念和『做您生活飲食好朋友』的企業精神，朝多元化發展，成為民眾休閒生活的好朋友。,週一~週日10:00-23:00,東區,701 臺南市東區中華東路二段231號,-2680459,,22.98368,120.23205,,中式美食、異國料理、咖啡茶鋪,美食,2022/2/2 12:05
1173,zh-tw,關健食客鳳梨酥-台灣烘焙糕點名店,"

",在位於台南關廟的玉盛食品有限公司，從鳳梨餡原料生產至自創品牌「關健食客」2012年參加台南市政府主辦「2012台灣鳳梨酥大賽」榮獲「傳統鳳梨酥第一名金牌獎」。創辦人表示，「一顆好的鳳梨酥，不只要有香醇酥脆的外皮裡頭紮實飽滿的內餡外，更講究健康天然的好食材，特選「法國進口AOP歐盟認證」的天然發酵奶油」，並且採用台南在地關廟鳳梨，推展台南農特產品伴手禮，並且產品已通過SGS食品衛生檢驗的安心食品也於2013年2月「關健食客」品牌，通過「中華民國商標註冊財產局」完成商標註冊，讓「關健食客」品牌走出台灣跨越國際締造「台灣健康美食糕點」名號。 另外，玉盛食品從外觀包裝到選用食材，都傳達健康與環保，以包裝環保再生紙與大豆環保油墨材質印製；除此之外更注重食材嚴選，一定要吃的天然健康，正是「關健食客」品牌的「幸福、健康、希望、環保」四大經營理念。,週一~週五09:00~18:00週六~週日可預約時間訂購/取貨,關廟區,718 臺南市關廟區成功路51號 ,-5960205,,22.9646,120.32943,,,,2018/12/13 15:41
1175,zh-tw,農情奉禮館,,本會鳳梨酥由嘉義大學研發技術指導，強調天然養生概念，少油少糖，添加小麥胚芽製成的餅皮，１００％純鳳梨內餡（不添加冬瓜餡及菜頭餡）以紐西蘭進口，安佳無水奶油，不添加酥油。口感細緻及充滿鳳梨的自然果香，酸與甜。,週一~週五09:00–17:30，週六~週日休息,關廟區,718 臺南市關廟區南雄路2段96號,-5965398,-5954520,22.96869,120.32644,信用卡、停車位、網路、冷氣空調、宅配服務,甜點糕餅、伴手好禮、農產好物,美食,2021/3/4 12:00
1176,zh-tw,美記肉圓,"台南在地口味的名產小吃，來台南可以順帶帶回的伴手禮！ 位於台南市南區永華路，三代傳承，二代經營 自西元1994年10月創立自今已19年 食品皆自製自銷，口味獨特，品質保證，不含防腐劑及化學藥劑，可安心享用! 產品：美記肉圓（招牌）分""炸""和""蒸"" 成分： 嚴選現宰豬肉（溫體豬）、關廟高級竹筍、鹹蛋黃",台南在地口味的名產小吃，來台南可以順帶帶回的伴手禮！ 位於台南市南區永華路，三代傳承，二代經營 自西元1994年10月創立自今已19年 食品皆自製自銷，口味獨特，品質保證，不含防腐劑及化學藥劑，可安心享用! 產品：美記肉圓（招牌）分&quot;炸&quot;和&quot;蒸&quot; 成分： 嚴選現宰豬肉（溫體豬）、關廟高級竹筍、鹹蛋黃,週一~週日11:00–23:00，週二休息,南區,702 臺南市南區永華路一段239號,-2639877,,22.98817,120.19102,,地方小吃、中式美食,美食,2022/2/2 12:03
1177,zh-tw,安平阿水伯手工包子,"阿水伯包子的經營，就是手工製作，沒有添加任何防腐劑，完全用老麵發酵，並且包子皮、內餡完全用 60 年前台南道地傳統工法製作，肉則是由市場每天運送至店裡加工，其中包子外皮手工捏法，完全反映手工包子細膩度，其製作過程完全需要用手工揉，並且包子皮要經過 10 小時老麵發酵後製作，因為能夠吸收胃酸，具有保護胃壁的作用。

 阿水伯包子理念，不僅在地實在經營，更是回饋鄉里，民國 29 年次的李海水師傅，當年住在漁光島，上學赤腳要走一個小時多才能到鯤鯓的龍崗國小，當時家中沒有水、電，如果太晚回家，沒辦法寫作業，回憶當年可說相當艱苦，為鼓勵學生努力唸書，只要全台公、私立國中、小學生，憑當年學年度一百分考卷正本，就送一顆鮮肉包，也希望學生能珍惜時間唸書。","阿水伯一甲子功夫品牌故事
The Story of a Sixty-year-old Brand - A Shuei Bo
【阿水伯傳統手工包子】，創辦人李海水師傅，經歷【克林食品】、【百香餅家】、【富昌餅舖】、【丹比食品】，從國小畢業就已經接觸麵食業製作，從麵包學徒、糕餅師傅、開店經營，至今有一甲子功夫，而美食的製作涉及不同層面，跨足包子、糕餅、西點烘焙，節慶禮品等食品的製作，李海水師傅，因美食製作精湛，人稱阿水師、阿水伯，原民國&nbsp;96&nbsp;年丹比食品退休之後，準備含飴弄孫、享受天年之際，因不捨臺南傳統美食失傳，經全家商量由兒子與媳婦來傳承，以「阿水伯」的名號在安平重起爐灶。Hai-Shuei Li, the founder of A Shuei Bo Traditional Handmade Steamed Bun, had acquired the experience in Klin Company, Bai Siang Bakery, Fu Chang Bakery, and Dan Bi Food Company. He has been working in Chinese style dessert and pasta industry since he graduated from elementary school. Beginning as a bakery apprentice and turning into a pastry chef, Li has run his own shop for sixty years. Li&rsquo;s culinary specialty ranges from bun-making, pastry and Western dessert baking to festival gift set producing. He is also known as &ldquo;Master Shuei,&rdquo;or &ldquo;A Shuei Bo&rdquo; for his refined culinary expertise. As soon as he retired from Dan Bi Food Company in 2007, Li planned to enjoy a cozy and comfortable life with his family. However, for fear of witnessing the disappearance of traditional Tainan delicacy, Li, designating his son and daughter-in-law to undertake his business after the family round table discussion, made a fresh start in pastry making under the name of A Shuei Bo in Anping.
阿水伯包子的經營，就是手工製作，沒有添加任何防腐劑，完全用老麵發酵，並且包子皮、內餡完全用&nbsp;60&nbsp;年前台南道地傳統工法製作，肉則是由市場每天運送至店裡加工，其中包子外皮手工捏法，完全反映手工包子細膩度，其製作過程完全需要用手工揉，並且包子皮要經過&nbsp;10&nbsp;小時老麵發酵後製作，因為能夠吸收胃酸，具有保護胃壁的作用。
The business concept of A Shuei Bo Steamed Bun is based on making buns from scratch. There is no preservative added, and the buns are made from fermented old dough. The bun dough and fillings follow the authentic Tainan traditional way used since sixty years ago. Pork is distributed directly from the market to the shop for process every day. Especially, the pinching technique of bun skin completely reflects the delicate quality of the handmade bun itself. The making process is thoroughly handmade., Besides, the old dough needs ten-hour fermentation. Thus it helps to absorb gastric acid and protect consumers&rsquo; stomach.
阿水伯包子の経営は、まさに手作り。防腐剤を一切使わず、天然酵母のみ使用します。包子の皮も餡も60年前の台南伝統工法によって作られています。肉は毎日市場より店に届けられてから加工し、包子の皮は手作業で捏ねられるので、きめ細かく仕上がります。その製作過程はすべて手作業で、包子の皮は天然酵母を10時間発酵させてから作ります。胃酸を吸収するので、胃壁をまもる働きがあると言われます。
阿水伯包子理念，不僅在地實在經營，更是回饋鄉里，民國&nbsp;29年次的李海水師傅，當年住在漁光島，上學赤腳要走一個小時多才能到鯤鯓的龍崗國小，當時家中沒有水、電，如果太晚回家，沒辦法寫作業，回憶當年可說相當艱苦，為鼓勵學生努力唸書，只要全台公、私立國中、小學生，憑當年學年度一百分考卷正本，就送一顆鮮肉包，也希望學生能珍惜時間唸書。
Based on running a local business with sincerity, A Shuei Bo Steamed Bun returns the favor to its community. Born in 1940, Hai-Shuei Li spent an hour walking to Long Gang Elementary School barefoot when he lived on Yu Guang Island. At that time, there was no water and electricity in his house. Thus he &nbsp;came home too late, he couldn&rsquo;t do&nbsp; his homework. It was truly a hard time as well as a precious memory for him. To encourage students to study hard, Li offers free steam buns to students with proofs of full marks on any examination, no matter whether they were enrolled in public or private junior high &nbsp;or elementary schools. He sincerely hopes students can treasure the time of studying.
阿水伯包子の経営理念は、ただ経営するだけでなく、郷里への還元にあります。1940（民国29）年当時、職人李海水は漁光島に住んでいましたが、毎日裸足で一時間以上かけて鯤鯓にある龍崗小学校へ通っていました。家には水道も電気もなく、夜遅く帰ると、宿題をすることもできませんでした。たいへん苦しい思いをした当時のことを想い、子供たちに頑張って勉強してもらいたいという気持ちを込めて、全国の公立私立小中学生で、その学期の100点のテスト用紙を持って来た人に、肉まんを一つプレゼントしています。時間を大切にして勉強してほしいと願っています。
在安平經營期間，通過臺南市政府觀光旅遊局臺南問路店申請，並積極配合臺南市政府商展活動，包含臺南市商展、大新營購物節嘉年華商展、臺南市購物節、臺南市好蜜&nbsp;e&nbsp;點通、臺南市百家好店徵選等活動，並通過徵選&nbsp;103&nbsp;年臺南市商業現代化輔導計畫店家，接受雙語環境營造提供商品中英文標示與建立阿水伯包子形象官網加值品牌行銷，並於同年獲&nbsp;OTOP&nbsp;經濟部中小企業處推薦通過在地美食，在食品上利用椪餅結合足球、棒球、安平劍獅發揮文創，獲大陸官方人民日報，聯合報、中華日報、經濟日報的報導，受各界肯定。
While running the business in Anping,&nbsp;A Shuei Bo Steamed Bun successfully acquired the position as a tourist information center certified by Tourism Bureau of Tainan City Government. Li actively participated in many trade show events held by Tainan City Government, including Tainan Trade Show, Pan-Hsinying Shopping Carnival Trade Show, Tainan Shopping Festival, Tainan Good Stuff, The Competition of The Best Store in Tainan to name a few. Moreover, in 2014, A Shuei Bo Steamed Bun became the candidate for receiving the modern business transformation program in Tainan. The program aimed to assist the shop to build a bilingual store environment with products in both Chinese and English descriptions. Meanwhile, it also helped to recreate the image of A Shuei Bo Steamed Bun so as to launch its official website for marketing. In the same year, A Shuei Bo Steamed Bun &nbsp;was recommended as the best local food in OTOP (One Town On Product) Project supported by Small and Medium Enterprise Administration, Ministry of Economic Affairs. In terms of culture innovation, Li used the images of soccer, baseball and Anping Sword Lion to recreate the shape of Bun Cakes. In so doing, Li has gained his reputation, and his story was reported byRenmin Ribao(The People&rsquo;s Daily in China),&nbsp;United Daily News,China Daily News&nbsp;and&nbsp;Economic Daily News.",週一~週日06:30~18:30,安平區,708 臺南市安平區育平路345號,-2988706,,22.99331,120.16737,停車位、網路、宅配服務,地方小吃、中式美食,美食,2021/3/4 12:00
1180,zh-tw,蝦米工坊&河童仙菓,經營理念 相信「堅持」就是美味的關鍵，所以取用當季現流野生蝦的鮮甜海味及蛋液的膨發性質作結構與澱粉的架構產生酥脆口感再加上職人用心手作揉製，過程中堅持不加一滴水讓食材原本的特性發揮到極致，目的就是要還原「食」的本味，讓品嘗回到最初的幸福。,經營理念 相信「堅持」就是美味的關鍵，所以取用當季現流野生蝦的鮮甜海味及蛋液的膨發性質作結構與澱粉的架構產生酥脆口感再加上職人用心手作揉製，過程中堅持不加一滴水讓食材原本的特性發揮到極致，目的就是要還原「食」的本味，讓品嘗回到最初的幸福。 　　近年來，食安問題如雨後春筍般接二連三，蝦米工坊創辦人意識到品質就是企業形象的標竿，並且申請食品工廠認證，就是要肩負起食品安全的責任，之所以取名「蝦米工坊」本意在於「蝦米」雖然微小但是團結起來的力量也能有一番作為，凡事從「小」做起就是本分，時時刻刻提醒著自己「莫忘初衷」，加上蝦米的形象有著不屈不撓的精神，因為逆境就是成長最好的養分！ 商品品質 　　有良好的控管，才有良好的品質。所以在製作方面，採限量、預購兩種模式，因為在製作流程中從採購、備料、加工、包裝、運送都有可能會產生不必要的浪費與汙染。所以統一製作既能做到衛生與安全集中管理，又能達到最佳的品質監控。,週一~週五08:00–16:00 週六~週日10:00–17:00,南區,702 臺南市南區新忠路1-1號,-2656709,-2650658,22.97913,120.18421,,,,2021/3/4 12:00
1182,zh-tw,東香貓咖啡園區(東山咖啡),東香貓咖啡園區位於東山往咖啡園區(崁頭山古路)第一站，前方觀賞台南七大名山，後可欣賞月世界之美，鹿寮溪流經本於園區左側，無污染清澈見底可戲水，右邊我們更闢有美麗花園步道、假山瀑布、蓮花池等，週邊還有果樹區、桂花區、咖啡園區圍繞著，停車方便。,"東香貓咖啡園區位於東山往咖啡園區第一站，前方觀賞台南市七大名山，後方欣賞月世界之美，左邊一條鹿寮溪，無污染清澈見底可戲水，右邊有美麗花園步道、假山瀑布、蓮花池，周邊有多種果樹區、桂花園、咖啡園圍繞著，交通停車最方便。
東香貓咖啡是東山咖啡經過深妙技巧再研發，從栽種到成品全部自製，才能掌控好品質。日本人山上出老師（國際咖啡杯測評審師、咖啡品質評鑑師）評鑑東香貓咖啡為世界上最好頂級咖啡，能喝到頂級咖啡要有福報或好因緣的人。
東香貓咖啡園區的林老闆可說是學富五車，對於咖啡有相當深入的見解，來到這裡可以與林老闆談談他的咖啡經，從咖啡栽培到咖啡豆烘培到如何煮出一杯好喝的咖啡及品嘗的秘訣，有一套詳細的說明，不但喝到一杯上等的好咖啡，並可獲得咖啡的知識。",週一~週五11:00~17:00，週六~週日09:00~19:00（平日建議預約）,東山區,733 臺南市東山區南勢里三鄰大洋29號,-6862276,-300680,23.26963,120.46874,,咖啡茶鋪、伴手好禮,美食,2022/8/15 08:12
1458,zh-tw,進福炒鱔魚專家,進福炒鱔魚專家創立於1972年，四十年來以對鱔魚料理堅持，讓大家能品嚐鱔魚的鮮美，因為料理限味已經成為台南代表小吃之一，許多老饕都會聞名而來。在府城，鱔魚意悅是傳統小吃，所以販賣的攤位不少，然而要論口味，許多人都會想起炒鱔魚已有四十年的進福炒鱔魚專家，因為老闆手藝受裡家三代經營油湯生意影響有關，且在他不斷的鑽研、同時聽取客人的意見，而做出符合大眾口味的鱔魚意麵。而進福有三寶，第一是炒鱔魚、第二是麻油腰只、第三是北海道活鱠魚，這三種招牌菜，讓吃過的客人稱讚不已，連國外的饕客也慕名說來呢。,進福炒鱔魚專家創立於1972年，四十年來以對鱔魚料理堅持，讓大家能品嚐鱔魚的鮮美，因為料理限味已經成為台南代表小吃之一，許多老饕都會聞名而來。在府城，鱔魚意悅是傳統小吃，所以販賣的攤位不少，然而要論口味，許多人都會想起炒鱔魚已有四十年的進福炒鱔魚專家，因為老闆手藝受裡家三代經營油湯生意影響有關，且在他不斷的鑽研、同時聽取客人的意見，而做出符合大眾口味的鱔魚意麵。而進福有三寶，第一是炒鱔魚、第二是麻油腰只、第三是北海道活鱠魚，這三種招牌菜，讓吃過的客人稱讚不已，連國外的饕客也慕名說來呢。,週一~週日10:30–01:00,中西區,700 臺南市中西區府前路一段46號,-2209791,,22.98906,120.20984,,地方小吃、中式美食,美食,2022/2/2 12:04
1459,zh-tw,許家蝦仁肉圓/芋粿,『好芋才會有芋香』這是老闆娘一直所堅持的，所以製作芋粿的第一步驟就是芋頭品質的挑選，然後將芋頭絲加蕃薯粉，米漿並調味拌勻放入蒸籠內蒸，等蒸好時再舖上炒好的肉燥，這就成了獨特風味的芋粿了。蝦仁肉圓的特色在於皮是用上等的在來米及蕃薯粉，先將米泡軟再磨成漿糊狀再加蕃粉拌勻，增加Ｑ性；內餡是選用新鮮的蝦仁及炒過的肉燥細製成又香又Ｑ的蝦仁肉圓。,『好芋才會有芋香』這是老闆娘一直所堅持的，所以製作芋粿的第一步驟就是芋頭品質的挑選，然後將芋頭絲加蕃薯粉，米漿並調味拌勻放入蒸籠內蒸，等蒸好時再舖上炒好的肉燥，這就成了獨特風味的芋粿了。蝦仁肉圓的特色在於皮是用上等的在來米及蕃薯粉，先將米泡軟再磨成漿糊狀再加蕃粉拌勻，增加Ｑ性；內餡是選用新鮮的蝦仁及炒過的肉燥細製成又香又Ｑ的蝦仁肉圓。,週一~週日09:30–21:30,中西區,700 臺南市中西區國華街三段8號,-2288017,,22.99321,120.1975,,地方小吃、中式美食,美食,2022/2/2 12:03
1460,zh-tw,阿龍意麵,"「阿龍意麵」創始人林玉悌、林吳金玉夫婦四十多年前住在鹽水，與一位製作意麵的福州師傅蔡市拜師學功夫，在鹽水、善化一帶深受好評。二十餘年前搬到台南，也深得台南人喜愛。目前負責人為第二代林漢龍；由於從小在父親耳濡目染下，承接父業，並且青出於藍，研發各種蔬菜口味意麵，有紅色蘿蔔麵，及綠色波菜麵，與牛蒡麵，層出不窮的研發口味，都深受歡迎。 
特色在於，不外銷的自製意麵，講究品質，保持一定的新鮮。湯頭是以瘦肉湯為底，口味清淡易入口，味精適量，故夜宵時間，客人反而多於白天。滷菜也是自製，香甜不油膩感。",「阿龍意麵」創始人林玉悌、林吳金玉夫婦四十多年前住在鹽水，與一位製作意麵的福州師傅蔡市拜師學功夫，在鹽水、善化一帶深受好評。二十餘年前搬到台南，也深得台南人喜愛。目前負責人為第二代林漢龍；由於從小在父親耳濡目染下，承接父業，並且青出於藍，研發各種蔬菜口味意麵，有紅色蘿蔔麵，及綠色波菜麵，與牛蒡麵，層出不窮的研發口味，都深受歡迎。 特色在於，不外銷的自製意麵，講究品質，保持一定的新鮮。湯頭是以瘦肉湯為底，口味清淡易入口，味精適量，故夜宵時間，客人反而多於白天。滷菜也是自製，香甜不油膩感。,週一~週日10:30–21:00,中西區,700 臺南市中西區府前路一段62號,-2285400,,22.98905,120.20953,,地方小吃、麵食醬料,美食,2022/2/2 12:04
1461,zh-tw,矮仔成蝦仁飯,"矮仔成名稱的由來，源自葉老先生單名成，其個頭不高，且當時客人取自葉成的諧音喚他為矮仔成，這個綽號成為今日眾所皆知的矮仔成蝦仁飯。 
矮仔成蝦仁飯源起於1922年，第一代的老闆葉成當時在日治時代的「明月樓」日本料理餐廳學藝，後來自行由日式料理的小攤販做起，根據日本口味研究出獨門美味的蝦仁飯在當時的西門市場設攤，經多次遷移在俗稱新町的中正路、海安路等路邊崛起。",矮仔成名稱的由來，源自葉老先生單名成，其個頭不高，且當時客人取自葉成的諧音喚他為矮仔成，這個綽號成為今日眾所皆知的矮仔成蝦仁飯。 矮仔成蝦仁飯源起於1922年，第一代的老闆葉成當時在日治時代的「明月樓」日本料理餐廳學藝，後來自行由日式料理的小攤販做起，根據日本口味研究出獨門美味的蝦仁飯在當時的西門市場設攤，經多次遷移在俗稱新町的中正路、海安路等路邊崛起。,週一~週日08:30–19:30，週二休息,中西區,700 臺南市中西區海安路一段66號,-2201017,,22.98899,120.19519,,麵食醬料、中式美食,美食,2022/2/2 12:04
,,,,,,,,,,,,,,,
,,,,,,,,,,,,,,,
,,,,,,,,,,,,,,,
,,,,,,,,,,,,,,,
,,,,,,,,,,,,,,,
,,,,,,,,,,,,,,,
,,,,,,,,,,,,,,,
,,,,,,,,,,,,,,,
,,,,,,,,,,,,,,,
,,,,,,,,,,,,,,,
,,,,,,,,,,,,,,,
,,,,,,,,,,,,,,,
,,,,,,,,,,,,,,,
,,,,,,,,,,,,,,,
,,,,,,,,,,,,,,,
,,,,,,,,,,,,,,,
,,,,,,,,,,,,,,,
,,,,,,,,,,,,,,,
,,,,,,,,,,,,,,,
,,,,,,,,,,,,,,,
,,,,,,,,,,,,,,,
,,,,,,,,,,,,,,,
,,,,,,,,,,,,,,,
,,,,,,,,,,,,,,,
,,,,,,,,,,,,,,,
,,,,,,,,,,,,,,,
,,,,,,,,,,,,,,,
,,,,,,,,,,,,,,,
,,,,,,,,,,,,,,,
,,,,,,,,,,,,,,,
,,,,,,,,,,,,,,,
,,,,,,,,,,,,,,,
,,,,,,,,,,,,,,,
,,,,,,,,,,,,,,,
,,,,,,,,,,,,,,,
,,,,,,,,,,,,,,,
,,,,,,,,,,,,,,,
,,,,,,,,,,,,,,,
,,,,,,,,,,,,,,,
,,,,,,,,,,,,,,,
,,,,,,,,,,,,,,,
,,,,,,,,,,,,,,,
,,,,,,,,,,,,,,,
,,,,,,,,,,,,,,,
,,,,,,,,,,,,,,,
,,,,,,,,,,,,,,,
,,,,,,,,,,,,,,,
,,,,,,,,,,,,,,,
,,,,,,,,,,,,,,,
,,,,,,,,,,,,,,,
,,,,,,,,,,,,,,,
,,,,,,,,,,,,,,,
,,,,,,,,,,,,,,,
,,,,,,,,,,,,,,,
,,,,,,,,,,,,,,,
,,,,,,,,,,,,,,,
,,,,,,,,,,,,,,,
,,,,,,,,,,,,,,,
,,,,,,,,,,,,,,,
,,,,,,,,,,,,,,,
,,,,,,,,,,,,,,,
,,,,,,,,,,,,,,,
,,,,,,,,,,,,,,,
,,,,,,,,,,,,,,,
,,,,,,,,,,,,,,,
,,,,,,,,,,,,,,,
,,,,,,,,,,,,,,,
,,,,,,,,,,,,,,,
,,,,,,,,,,,,,,,
,,,,,,,,,,,,,,,
,,,,,,,,,,,,,,,
,,,,,,,,,,,,,,,
,,,,,,,,,,,,,,,
,,,,,,,,,,,,,,,
,,,,,,,,,,,,,,,
,,,,,,,,,,,,,,,
,,,,,,,,,,,,,,,
,,,,,,,,,,,,,,,
,,,,,,,,,,,,,,,
,,,,,,,,,,,,,,,
,,,,,,,,,,,,,,,
,,,,,,,,,,,,,,,
,,,,,,,,,,,,,,,
,,,,,,,,,,,,,,,
,,,,,,,,,,,,,,,
,,,,,,,,,,,,,,,
,,,,,,,,,,,,,,,
,,,,,,,,,,,,,,,
,,,,,,,,,,,,,,,
,,,,,,,,,,,,,,,
,,,,,,,,,,,,,,,
,,,,,,,,,,,,,,,
,,,,,,,,,,,,,,,
,,,,,,,,,,,,,,,
,,,,,,,,,,,,,,,
,,,,,,,,,,,,,,,
,,,,,,,,,,,,,,,
,,,,,,,,,,,,,,,
,,,,,,,,,,,,,,,
,,,,,,,,,,,,,,,
,,,,,,,,,,,,,,,
,,,,,,,,,,,,,,,
,,,,,,,,,,,,,,,
,,,,,,,,,,,,,,,
,,,,,,,,,,,,,,,
,,,,,,,,,,,,,,,
,,,,,,,,,,,,,,,
,,,,,,,,,,,,,,,
,,,,,,,,,,,,,,,
,,,,,,,,,,,,,,,
,,,,,,,,,,,,,,,
,,,,,,,,,,,,,,,
,,,,,,,,,,,,,,,
,,,,,,,,,,,,,,,
,,,,,,,,,,,,,,,
,,,,,,,,,,,,,,,
,,,,,,,,,,,,,,,
,,,,,,,,,,,,,,,
,,,,,,,,,,,,,,,
,,,,,,,,,,,,,,,
,,,,,,,,,,,,,,,
,,,,,,,,,,,,,,,
,,,,,,,,,,,,,,,
,,,,,,,,,,,,,,,
,,,,,,,,,,,,,,,
,,,,,,,,,,,,,,,
,,,,,,,,,,,,,,,
,,,,,,,,,,,,,,,
,,,,,,,,,,,,,,,
,,,,,,,,,,,,,,,
,,,,,,,,,,,,,,,
,,,,,,,,,,,,,,,
,,,,,,,,,,,,,,,
,,,,,,,,,,,,,,,
,,,,,,,,,,,,,,,
,,,,,,,,,,,,,,,
,,,,,,,,,,,,,,,
,,,,,,,,,,,,,,,
,,,,,,,,,,,,,,,
,,,,,,,,,,,,,,,
,,,,,,,,,,,,,,,
,,,,,,,,,,,,,,,
,,,,,,,,,,,,,,,
,,,,,,,,,,,,,,,
,,,,,,,,,,,,,,,
,,,,,,,,,,,,,,,
,,,,,,,,,,,,,,,
,,,,,,,,,,,,,,,
,,,,,,,,,,,,,,,
,,,,,,,,,,,,,,,
,,,,,,,,,,,,,,,
,,,,,,,,,,,,,,,
,,,,,,,,,,,,,,,
,,,,,,,,,,,,,,,
,,,,,,,,,,,,,,,
,,,,,,,,,,,,,,,
,,,,,,,,,,,,,,,
,,,,,,,,,,,,,,,
,,,,,,,,,,,,,,,
,,,,,,,,,,,,,,,
,,,,,,,,,,,,,,,
,,,,,,,,,,,,,,,
,,,,,,,,,,,,,,,
,,,,,,,,,,,,,,,
,,,,,,,,,,,,,,,
,,,,,,,,,,,,,,,
,,,,,,,,,,,,,,,
,,,,,,,,,,,,,,,
,,,,,,,,,,,,,,,
,,,,,,,,,,,,,,,
,,,,,,,,,,,,,,,
,,,,,,,,,,,,,,,
,,,,,,,,,,,,,,,
,,,,,,,,,,,,,,,
,,,,,,,,,,,,,,,
,,,,,,,,,,,,,,,
,,,,,,,,,,,,,,,
,,,,,,,,,,,,,,,
,,,,,,,,,,,,,,,
,,,,,,,,,,,,,,,
,,,,,,,,,,,,,,,
,,,,,,,,,,,,,,,
,,,,,,,,,,,,,,,
,,,,,,,,,,,,,,,
,,,,,,,,,,,,,,,
,,,,,,,,,,,,,,,
,,,,,,,,,,,,,,,
,,,,,,,,,,,,,,,
,,,,,,,,,,,,,,,
,,,,,,,,,,,,,,,
,,,,,,,,,,,,,,,
,,,,,,,,,,,,,,,
,,,,,,,,,,,,,,,
,,,,,,,,,,,,,,,
,,,,,,,,,,,,,,,
,,,,,,,,,,,,,,,
,,,,,,,,,,,,,,,
,,,,,,,,,,,,,,,
,,,,,,,,,,,,,,,
,,,,,,,,,,,,,,,
,,,,,,,,,,,,,,,
,,,,,,,,,,,,,,,
,,,,,,,,,,,,,,,
,,,,,,,,,,,,,,,
,,,,,,,,,,,,,,,
,,,,,,,,,,,,,,,
,,,,,,,,,,,,,,,
,,,,,,,,,,,,,,,
,,,,,,,,,,,,,,,
,,,,,,,,,,,,,,,
,,,,,,,,,,,,,,,
,,,,,,,,,,,,,,,
,,,,,,,,,,,,,,,
,,,,,,,,,,,,,,,
,,,,,,,,,,,,,,,
,,,,,,,,,,,,,,,
,,,,,,,,,,,,,,,
,,,,,,,,,,,,,,,
,,,,,,,,,,,,,,,
,,,,,,,,,,,,,,,
,,,,,,,,,,,,,,,
,,,,,,,,,,,,,,,
,,,,,,,,,,,,,,,
,,,,,,,,,,,,,,,
,,,,,,,,,,,,,,,
,,,,,,,,,,,,,,,
,,,,,,,,,,,,,,,
,,,,,,,,,,,,,,,
,,,,,,,,,,,,,,,
,,,,,,,,,,,,,,,
,,,,,,,,,,,,,,,
,,,,,,,,,,,,,,,
,,,,,,,,,,,,,,,
,,,,,,,,,,,,,,,
,,,,,,,,,,,,,,,
,,,,,,,,,,,,,,,
,,,,,,,,,,,,,,,
,,,,,,,,,,,,,,,
,,,,,,,,,,,,,,,
,,,,,,,,,,,,,,,
,,,,,,,,,,,,,,,
,,,,,,,,,,,,,,,
,,,,,,,,,,,,,,,
,,,,,,,,,,,,,,,
,,,,,,,,,,,,,,,
,,,,,,,,,,,,,,,
,,,,,,,,,,,,,,,
,,,,,,,,,,,,,,,
,,,,,,,,,,,,,,,
